po_id,supplier,order_date,delivery_date,item_category,order_status,quantity,unit_price,negotiated_price,defective_units,compliance,lead_time_days,total_cost,negotiated_total_cost,cost_savings,defect_rate,status_score,status_risk,compliance_score,compliance_risk,risk_score,risk_level
po-00001,alpha_inc,2023-10-17,2023-10-25,office supplies,cancelled,1176,20.13,17.81,0.0,yes,8,23672.879999999997,20944.559999999998,2728.3199999999997,0.0,0.0,100.0,1,0,27.0,High
po-00002,delta_logistics,2022-04-25,2022-05-05,office supplies,delivered,1509,39.32,37.34,235.0,yes,10,59333.88,56346.060000000005,2987.8199999999924,15.573227302849569,1.0,0.0,1,0,7.17196819085487,Low
po-00003,gamma_co,2022-01-26,2022-02-15,mro,delivered,910,95.51,92.26,41.0,yes,20,86914.1,83956.6,2957.5,4.5054945054945055,1.0,0.0,1,0,6.351648351648351,Low
po-00004,beta_supplies,2022-10-09,2022-10-28,packaging,delivered,1344,99.85,95.52,112.0,yes,19,134198.4,128378.87999999999,5819.520000000004,8.333333333333332,1.0,0.0,1,0,7.25,Low
po-00005,delta_logistics,2022-09-08,2022-09-20,raw materials,delivered,1180,64.07,60.53,171.0,no,12,75602.59999999999,71425.4,4177.199999999997,14.491525423728813,1.0,0.0,0,100,27.347457627118644,High
po-00006,epsilon_group,2022-08-17,2022-08-29,mro,delivered,1145,69.21,63.57,39.0,yes,12,79245.45,72787.65,6457.800000000003,3.406113537117904,1.0,0.0,1,0,4.021834061135371,Low
po-00007,gamma_co,2022-05-23,2022-06-03,mro,delivered,1774,51.37,47.82,96.0,no,11,91130.37999999999,84832.68000000001,6297.6999999999825,5.411499436302142,1.0,0.0,0,100,24.373449830890642,Medium
po-00008,alpha_inc,2022-04-15,2022-04-29,mro,delivered,1094,36.93,32.78,22.0,yes,14,40401.42,35861.32,4540.0999999999985,2.010968921389397,1.0,0.0,1,0,4.103290676416819,Low
po-00009,gamma_co,2023-11-24,2023-11-28,raw materials,partially delivered,1688,43.93,39.89,89.0,yes,4,74153.84,67334.32,6819.5199999999895,5.2725118483412325,0.5,50.0,1,0,15.08175355450237,Medium
po-00010,gamma_co,2023-07-13,2023-07-25,raw materials,pending,171,76.87,70.2,8.0,yes,12,13144.77,12004.2,1140.5699999999997,4.678362573099415,0.3,70.0,1,0,21.903508771929825,Medium
po-00011,epsilon_group,2022-03-31,2022-04-15,raw materials,delivered,5000,78.49,73.68,18.0,yes,15,392450.0,368400.00000000006,24049.99999999994,0.36,1.0,0.0,1,0,3.858,Low
po-00012,beta_supplies,2023-08-28,2023-09-11,raw materials,delivered,5000,88.96,86.58,115.0,yes,14,444799.99999999994,432900.0,11899.999999999942,2.3,1.0,0.0,1,0,4.1899999999999995,Low
po-00013,beta_supplies,2023-03-09,2023-03-26,electronics,pending,5000,86.74,74.86,51.0,yes,17,433700.0,374300.0,59400.0,1.02,0.3,70.0,1,0,22.056,Medium
po-00014,beta_supplies,2022-02-02,2022-02-13,mro,delivered,5000,18.3,16.88,0.0,yes,11,91500.0,84400.0,7100.0,0.0,1.0,0.0,1,0,2.75,Low
po-00015,delta_logistics,2022-01-31,2022-02-18,electronics,pending,5000,54.5,48.45,22.0,yes,18,272500.0,242250.0,30250.0,0.44,0.3,70.0,1,0,22.131999999999998,Medium
po-00016,beta_supplies,2022-04-06,2022-04-21,packaging,delivered,5000,15.41,15.12,0.0,yes,15,77050.0,75600.0,1450.0,0.0,1.0,0.0,1,0,3.75,Low
po-00017,delta_logistics,2022-08-12,2022-08-31,mro,delivered,1173,61.54,55.49,172.0,no,19,72186.42,65089.770000000004,7096.649999999994,14.663256606990622,1.0,0.0,0,100,29.148976982097185,High
po-00018,epsilon_group,2022-08-27,2022-09-04,raw materials,delivered,921,51.48,50.61,0.0,yes,8,47413.079999999994,46611.81,801.2699999999968,0.0,1.0,0.0,1,0,2.0,Low
po-00019,gamma_co,2023-06-02,2023-06-05,raw materials,partially delivered,1737,97.53,87.37,79.0,yes,3,169409.61000000002,151761.69,17647.920000000013,4.548071387449626,0.5,50.0,1,0,14.614421416234887,Medium
po-00020,delta_logistics,2023-09-09,2023-09-24,raw materials,delivered,180,45.74,38.89,0.0,no,15,8233.2,7000.2,1233.000000000001,0.0,1.0,0.0,0,100,23.75,Medium
po-00021,epsilon_group,2022-01-28,2022-02-12,electronics,cancelled,1735,20.54,19.69,49.0,yes,15,35636.9,34162.15,1474.75,2.824207492795389,0.0,100.0,1,0,29.597262247838618,High
po-00022,delta_logistics,2023-07-29,2023-08-11,raw materials,delivered,1382,24.93,23.75,0.0,yes,13,34453.26,32822.5,1630.760000000002,0.0,1.0,0.0,1,0,3.25,Low
po-00023,epsilon_group,2022-07-23,2022-08-08,mro,delivered,819,80.89,77.03,29.0,yes,16,66248.91,63087.57,3161.340000000004,3.5409035409035408,1.0,0.0,1,0,5.062271062271062,Low
po-00024,beta_supplies,2023-10-28,2023-11-03,office supplies,partially delivered,393,72.53,66.31,42.0,no,6,28504.29,26059.83,2444.459999999999,10.687022900763358,0.5,50.0,0,100,37.20610687022901,High
po-00025,beta_supplies,2023-12-20,2024-01-01,mro,delivered,1565,21.3,20.09,161.0,yes,12,33334.5,31440.85,1893.6500000000015,10.287539936102236,1.0,0.0,1,0,6.08626198083067,Low
po-00026,epsilon_group,2023-07-13,2023-07-24,packaging,delivered,1487,19.15,17.24,0.0,yes,11,28476.05,25635.879999999997,2840.170000000002,0.0,1.0,0.0,1,0,2.75,Low
po-00027,alpha_inc,2023-03-06,2023-03-26,mro,delivered,855,78.2,67.16,17.0,yes,20,66861.0,57421.799999999996,9439.200000000004,1.9883040935672516,1.0,0.0,1,0,5.5964912280701755,Low
po-00028,epsilon_group,2022-08-14,2022-08-23,raw materials,delivered,435,17.13,15.84,8.0,yes,9,7451.549999999999,6890.4,561.1499999999996,1.839080459770115,1.0,0.0,1,0,2.8017241379310347,Low
po-00029,delta_logistics,2023-04-05,2023-04-22,mro,delivered,1265,90.26,79.47,187.0,yes,17,114178.90000000001,100529.55,13649.350000000006,14.782608695652174,1.0,0.0,1,0,8.684782608695652,Low
po-00030,epsilon_group,2023-08-27,2022-02-13,mro,delivered,1005,80.55,73.31,30.0,yes,-560,80952.75,73676.55,7276.199999999997,2.9850746268656714,1.0,0.0,1,0,-139.1044776119403,
po-00031,gamma_co,2022-10-12,2022-10-26,electronics,delivered,326,18.1,15.92,0.0,no,14,5900.6,5189.92,710.6800000000003,0.0,1.0,0.0,0,100,23.5,Medium
po-00032,alpha_inc,2022-01-07,2022-01-15,office supplies,delivered,1234,17.64,15.66,26.0,yes,8,21767.760000000002,19324.44,2443.3200000000033,2.106969205834684,1.0,0.0,1,0,2.6320907617504052,Low
po-00033,epsilon_group,2022-06-13,2022-06-29,mro,delivered,509,101.27,97.82,19.0,yes,16,51546.43,49790.38,1756.050000000003,3.732809430255403,1.0,0.0,1,0,5.119842829076621,Low
po-00034,alpha_inc,2023-12-16,2023-12-17,packaging,delivered,1387,48.71,43.71,27.0,yes,1,67560.77,60625.770000000004,6935.0,1.9466474405191059,1.0,0.0,1,0,0.8339942321557318,Low
po-00035,alpha_inc,2023-03-09,2023-03-17,mro,delivered,71,46.39,43.18,0.0,yes,8,3293.69,3065.78,227.90999999999985,0.0,1.0,0.0,1,0,2.0,Low
po-00036,epsilon_group,2022-12-15,2022-12-23,office supplies,delivered,302,87.73,81.52,9.0,yes,8,26494.460000000003,24619.039999999997,1875.4200000000055,2.980132450331126,1.0,0.0,1,0,2.8940397350993377,Low
po-00037,epsilon_group,2022-10-12,2022-10-31,office supplies,pending,797,99.54,91.37,18.0,yes,19,79333.38,72821.89,6511.490000000005,2.258469259723965,0.3,70.0,1,0,22.92754077791719,Medium
po-00038,beta_supplies,2022-06-09,2022-06-27,office supplies,pending,906,101.21,90.9,94.0,yes,18,91696.26,82355.40000000001,9340.859999999986,10.375275938189846,0.3,70.0,1,0,25.112582781456954,High
po-00039,epsilon_group,2022-08-09,2022-08-23,office supplies,delivered,1634,80.53,76.15,50.0,yes,14,131586.02,124429.1,7156.919999999984,3.0599755201958385,1.0,0.0,1,0,4.417992656058751,Low
po-00040,epsilon_group,2022-12-11,2022-02-13,office supplies,delivered,524,46.28,39.65,14.0,yes,-301,24250.72,20776.6,3474.1200000000026,2.6717557251908395,1.0,0.0,1,0,-74.44847328244275,
po-00041,beta_supplies,2022-04-15,2022-04-27,electronics,delivered,1132,17.78,15.36,96.0,yes,12,20126.960000000003,17387.52,2739.4400000000023,8.480565371024735,1.0,0.0,1,0,5.544169611307421,Low
po-00042,beta_supplies,2022-04-05,2022-04-14,office supplies,delivered,560,81.14,77.87,34.0,no,9,45438.4,43607.200000000004,1831.199999999997,6.071428571428571,1.0,0.0,0,100,24.07142857142857,Medium
po-00043,gamma_co,2023-01-25,2023-02-02,electronics,delivered,1755,63.87,58.4,85.0,yes,8,112091.84999999999,102492.0,9599.849999999991,4.843304843304843,1.0,0.0,1,0,3.4529914529914527,Low
po-00044,epsilon_group,2022-04-10,2022-04-17,mro,delivered,1549,48.9,42.42,48.0,yes,7,75746.09999999999,65708.58,10037.51999999999,3.0987734021949644,1.0,0.0,1,0,2.6796320206584894,Low
po-00045,delta_logistics,2023-01-03,2023-01-21,mro,delivered,749,97.07,94.16,123.0,yes,18,72705.43,70525.84,2179.5899999999965,16.421895861148197,1.0,0.0,1,0,9.426568758344459,Low
po-00046,alpha_inc,2022-12-19,2022-02-13,electronics,delivered,1025,21.11,19.25,15.0,yes,-309,21637.75,19731.25,1906.5,1.4634146341463417,1.0,0.0,1,0,-76.8109756097561,
po-00047,beta_supplies,2023-09-11,2023-09-18,raw materials,delivered,1856,59.77,50.81,191.0,yes,7,110933.12000000001,94303.36,16629.76000000001,10.29094827586207,1.0,0.0,1,0,4.837284482758621,Low
po-00048,epsilon_group,2022-09-28,2022-10-14,office supplies,delivered,239,11.46,11.28,4.0,yes,16,2738.94,2695.92,43.01999999999998,1.6736401673640167,1.0,0.0,1,0,4.502092050209205,Low
po-00049,delta_logistics,2022-02-14,2022-03-05,office supplies,pending,1007,52.44,46.06,167.0,yes,19,52807.079999999994,46382.420000000006,6424.659999999989,16.583912611717974,0.3,70.0,1,0,27.22517378351539,High
po-00050,alpha_inc,2023-04-16,2022-02-13,mro,pending,736,16.2,15.33,18.0,yes,-427,11923.199999999999,11282.88,640.3199999999997,2.4456521739130435,0.3,70.0,1,0,-88.5163043478261,
po-00051,epsilon_group,2023-07-04,2023-07-14,electronics,delivered,1007,22.56,19.59,0.0,yes,10,22717.92,19727.13,2990.7899999999972,0.0,1.0,0.0,1,0,2.5,Low
po-00052,delta_logistics,2022-05-08,2022-02-13,office supplies,delivered,612,20.99,19.75,102.0,yes,-84,12845.88,12087.0,758.8799999999992,16.666666666666664,1.0,0.0,1,0,-16.0,
po-00053,alpha_inc,2023-01-23,2023-02-02,mro,pending,1949,72.53,63.26,48.0,no,10,141360.97,123293.73999999999,18067.23000000001,2.4628014366341713,0.3,70.0,0,100,40.73884043099025,High
po-00054,delta_logistics,2022-03-22,2022-03-28,office supplies,cancelled,1640,77.92,76.41,262.0,no,6,127788.8,125312.4,2476.4000000000087,15.975609756097562,0.0,100.0,0,100,51.29268292682927,High
po-00055,beta_supplies,2023-07-20,2023-08-07,electronics,delivered,1317,68.13,60.52,136.0,yes,18,89727.20999999999,79704.84000000001,10022.36999999998,10.32649962034928,1.0,0.0,1,0,7.597949886104784,Low
po-00056,epsilon_group,2022-10-28,2022-10-30,raw materials,delivered,881,100.94,95.05,30.0,yes,2,88928.14,83739.05,5189.0899999999965,3.40522133938706,1.0,0.0,1,0,1.521566401816118,Low
po-00057,delta_logistics,2023-10-06,2022-02-13,packaging,delivered,1578,48.33,42.77,206.0,yes,-600,76264.73999999999,67491.06,8773.679999999993,13.054499366286437,1.0,0.0,1,0,-146.08365019011407,
po-00058,delta_logistics,2023-09-26,2023-10-01,mro,delivered,1204,39.29,35.44,0.0,yes,5,47305.159999999996,42669.759999999995,4635.4000000000015,0.0,1.0,0.0,1,0,1.25,Low
po-00059,epsilon_group,2023-01-06,2023-01-22,mro,pending,1558,93.46,91.27,39.0,yes,16,145610.68,142198.66,3412.0199999999895,2.503209242618742,0.3,70.0,1,0,22.250962772785623,Medium
po-00060,alpha_inc,2023-08-15,2023-08-16,packaging,delivered,1892,32.99,28.81,35.0,yes,1,62417.08,54508.52,7908.560000000005,1.849894291754757,1.0,0.0,1,0,0.804968287526427,Low
po-00061,epsilon_group,2022-07-16,2022-08-01,packaging,delivered,696,99.59,90.18,25.0,yes,16,69314.64,62765.280000000006,6549.359999999993,3.5919540229885056,1.0,0.0,1,0,5.077586206896552,Low
po-00062,delta_logistics,2023-12-23,2024-01-03,mro,partially delivered,70,12.37,11.04,10.0,yes,11,865.9,772.8,93.10000000000002,14.285714285714285,0.5,50.0,1,0,19.535714285714285,Medium
po-00063,gamma_co,2022-03-13,2022-03-15,raw materials,delivered,890,98.26,93.14,49.0,yes,2,87451.40000000001,82894.6,4556.800000000003,5.50561797752809,1.0,0.0,1,0,2.151685393258427,Low
po-00064,alpha_inc,2022-02-16,2022-03-04,mro,delivered,216,13.95,12.31,5.0,yes,16,3013.2,2658.96,354.2399999999998,2.314814814814815,1.0,0.0,1,0,4.694444444444445,Low
po-00065,delta_logistics,2023-11-09,2023-11-12,packaging,delivered,1347,100.13,94.3,200.0,yes,3,134875.11,127022.09999999999,7853.009999999995,14.847809948032664,1.0,0.0,1,0,5.204342984409799,Low
po-00066,gamma_co,2022-08-22,2022-08-25,office supplies,partially delivered,437,59.51,56.45,25.0,no,3,26005.87,24668.65,1337.2199999999975,5.720823798627003,0.5,50.0,0,100,34.966247139588106,High
po-00067,alpha_inc,2022-10-24,2022-10-26,electronics,delivered,650,103.84,88.28,12.0,yes,2,67496.0,57382.0,10114.0,1.8461538461538463,1.0,0.0,1,0,1.0538461538461539,Low
po-00068,beta_supplies,2022-03-23,2022-04-11,office supplies,delivered,365,16.81,15.41,38.0,yes,19,6135.65,5624.65,511.0,10.41095890410959,1.0,0.0,1,0,7.873287671232877,Low
po-00069,epsilon_group,2022-08-27,2022-02-13,raw materials,cancelled,63,61.94,53.8,0.0,yes,-195,3902.22,3389.3999999999996,512.8200000000002,0.0,0.0,100.0,1,0,-23.75,
po-00070,alpha_inc,2022-04-14,2022-04-22,mro,delivered,291,98.7,87.02,9.0,yes,8,28721.7,25322.82,3398.880000000001,3.0927835051546393,1.0,0.0,1,0,2.927835051546392,Low
po-00071,alpha_inc,2023-01-25,2023-02-08,mro,cancelled,826,60.5,57.18,18.0,yes,14,49973.0,47230.68,2742.3199999999997,2.1791767554479415,0.0,100.0,1,0,29.153753026634384,High
po-00072,delta_logistics,2022-10-12,2022-11-01,electronics,pending,1419,69.64,59.28,194.0,yes,20,98819.16,84118.32,14700.839999999997,13.671599718111347,0.3,70.0,1,0,26.601479915433405,High
po-00073,gamma_co,2023-04-10,2023-04-27,office supplies,delivered,614,78.06,73.95,40.0,yes,17,47928.840000000004,45405.3,2523.540000000001,6.514657980456026,1.0,0.0,1,0,6.204397394136808,Low
po-00074,alpha_inc,2023-10-13,2023-10-28,electronics,delivered,947,56.25,54.25,19.0,yes,15,53268.75,51374.75,1894.0,2.0063357972544877,1.0,0.0,1,0,4.3519007391763465,Low
po-00075,epsilon_group,2023-01-09,2023-01-28,raw materials,delivered,1413,70.47,69.65,0.0,yes,19,99574.11,98415.45000000001,1158.659999999989,0.0,1.0,0.0,1,0,4.75,Low
po-00076,alpha_inc,2022-06-16,2022-02-13,office supplies,partially delivered,141,64.15,58.32,0.0,yes,-123,9045.150000000001,8223.12,822.0300000000007,0.0,0.5,50.0,1,0,-18.25,
po-00077,alpha_inc,2023-01-15,2023-02-04,office supplies,delivered,1440,96.57,83.87,36.0,yes,20,139060.8,120772.8,18287.999999999985,2.5,1.0,0.0,1,0,5.75,Low
po-00078,delta_logistics,2022-12-30,2023-01-03,raw materials,delivered,1005,14.87,12.79,0.0,no,4,14944.349999999999,12853.949999999999,2090.3999999999996,0.0,1.0,0.0,0,100,21.0,Medium
po-00079,alpha_inc,2022-08-03,2022-02-13,mro,delivered,1528,36.52,33.0,31.0,no,-171,55802.560000000005,50424.0,5378.560000000005,2.0287958115183247,1.0,0.0,0,100,-22.1413612565445,
po-00080,gamma_co,2023-11-18,2023-11-25,mro,delivered,1501,106.05,100.99,77.0,no,7,159181.05,151585.99,7595.059999999998,5.129913391072619,1.0,0.0,0,100,23.288974017321785,Medium
po-00081,delta_logistics,2022-10-01,2022-10-04,packaging,delivered,558,94.18,81.4,0.0,no,3,52552.44,45421.200000000004,7131.239999999998,0.0,1.0,0.0,0,100,20.75,Medium
po-00082,beta_supplies,2023-12-20,2023-12-26,mro,delivered,825,56.88,50.84,0.0,yes,6,46926.0,41943.0,4983.0,0.0,1.0,0.0,1,0,1.5,Low
po-00083,beta_supplies,2023-12-01,2023-12-07,electronics,cancelled,84,73.38,71.42,9.0,yes,6,6163.92,5999.28,164.64000000000033,10.714285714285714,0.0,100.0,1,0,29.714285714285715,High
po-00084,delta_logistics,2023-10-26,2023-11-10,raw materials,delivered,255,38.64,33.59,27.0,no,15,9853.2,8565.45,1287.75,10.588235294117647,1.0,0.0,0,100,26.926470588235293,High
po-00085,gamma_co,2022-03-15,2022-03-31,mro,delivered,1154,27.2,26.07,58.0,yes,16,31388.8,30084.78,1304.0200000000004,5.025996533795494,1.0,0.0,1,0,5.507798960138648,Low
po-00086,delta_logistics,2023-09-16,2023-09-24,office supplies,delivered,1635,56.91,54.37,262.0,no,8,93047.84999999999,88894.95,4152.899999999994,16.02446483180428,1.0,0.0,0,100,26.807339449541285,High
po-00087,delta_logistics,2023-10-13,2023-10-23,raw materials,delivered,1945,46.19,40.12,278.0,no,10,89839.54999999999,78033.4,11806.149999999994,14.29305912596401,1.0,0.0,0,100,26.787917737789204,High
po-00088,delta_logistics,2022-06-25,2022-07-10,mro,partially delivered,1461,64.09,63.39,228.0,no,15,93635.49,92612.79,1022.7000000000116,15.605749486652979,0.5,50.0,0,100,40.931724845995895,High
po-00089,delta_logistics,2023-07-01,2023-07-09,electronics,delivered,1075,18.53,16.12,147.0,yes,8,19919.75,17329.0,2590.75,13.674418604651162,1.0,0.0,1,0,6.102325581395348,Low
po-00090,alpha_inc,2022-09-08,2022-02-13,packaging,delivered,1071,101.6,93.91,25.0,yes,-207,108813.59999999999,100577.61,8235.98999999999,2.3342670401493932,1.0,0.0,1,0,-51.049719887955185,
po-00091,epsilon_group,2022-06-17,2022-07-06,packaging,pending,1463,101.23,86.17,43.0,yes,19,148099.49000000002,126066.71,22032.780000000013,2.939166097060834,0.3,70.0,1,0,23.13174982911825,Medium
po-00092,beta_supplies,2023-04-19,2023-04-26,raw materials,delivered,615,78.3,73.68,69.0,yes,7,48154.5,45313.200000000004,2841.2999999999956,11.219512195121952,1.0,0.0,1,0,5.115853658536586,Low
po-00093,gamma_co,2023-01-24,2023-02-11,electronics,delivered,1179,61.74,56.28,0.0,yes,18,72791.46,66354.12,6437.340000000011,0.0,1.0,0.0,1,0,4.5,Low
po-00094,alpha_inc,2022-10-04,2022-10-09,electronics,partially delivered,1845,39.56,37.63,45.0,yes,5,72988.2,69427.35,3560.8499999999913,2.4390243902439024,0.5,50.0,1,0,14.481707317073171,Medium
po-00095,beta_supplies,2023-10-18,2022-02-13,electronics,cancelled,1895,91.98,86.27,170.0,yes,-612,174302.1,163481.65,10820.450000000012,8.970976253298153,0.0,100.0,1,0,-125.30870712401057,
po-00096,epsilon_group,2023-12-06,2023-12-09,mro,partially delivered,1550,79.86,69.57,32.0,no,3,123783.0,107833.49999999999,15949.500000000015,2.064516129032258,0.5,50.0,0,100,33.869354838709675,High
po-00097,delta_logistics,2023-07-25,2023-08-04,packaging,delivered,752,26.85,24.37,0.0,no,10,20191.2,18326.24,1864.9599999999991,0.0,1.0,0.0,0,100,22.5,Medium
po-00098,epsilon_group,2022-08-13,2022-09-01,electronics,delivered,451,95.2,90.07,21.0,yes,19,42935.200000000004,40621.57,2313.6300000000047,4.656319290465632,1.0,0.0,1,0,6.146895787139689,Low
po-00099,beta_supplies,2023-12-03,2022-02-13,office supplies,delivered,779,93.69,90.92,66.0,yes,-658,72984.51,70826.68000000001,2157.829999999987,8.472400513478819,1.0,0.0,1,0,-161.95827984595635,
po-00100,beta_supplies,2022-11-29,2022-12-14,mro,pending,1629,100.26,86.44,187.0,no,15,163323.54,140810.76,22512.78,11.479435236341313,0.3,70.0,0,100,44.69383057090239,High
po-00101,alpha_inc,2022-02-27,2022-02-22,office supplies,delivered,211,75.69,65.4,2.0,yes,-5,15970.59,13799.400000000001,2171.1899999999987,0.9478672985781991,1.0,0.0,1,0,-0.9656398104265402,Low
po-00102,alpha_inc,2022-08-23,2022-02-13,office supplies,delivered,251,67.49,64.48,2.0,yes,-191,16939.989999999998,16184.480000000001,755.5099999999966,0.796812749003984,1.0,0.0,1,0,-47.5109561752988,
po-00103,gamma_co,2022-02-02,2022-02-18,raw materials,delivered,1045,47.88,44.65,69.0,yes,16,50034.600000000006,46659.25,3375.350000000006,6.6028708133971294,1.0,0.0,1,0,5.980861244019138,Low
po-00104,delta_logistics,2022-11-20,2022-12-10,mro,delivered,319,98.64,89.15,57.0,yes,20,31466.16,28438.850000000002,3027.3099999999977,17.86833855799373,1.0,0.0,1,0,10.360501567398119,Medium
po-00105,epsilon_group,2023-02-15,2023-03-01,office supplies,partially delivered,1936,93.66,92.24,58.0,yes,14,181325.75999999998,178576.63999999998,2749.1199999999953,2.9958677685950414,0.5,50.0,1,0,16.89876033057851,Medium
po-00106,delta_logistics,2022-10-02,2022-10-22,mro,cancelled,865,14.7,13.14,135.0,no,20,12715.5,11366.1,1349.3999999999996,15.606936416184972,0.0,100.0,0,100,54.68208092485549,High
po-00107,epsilon_group,2022-03-09,2022-03-12,electronics,delivered,1344,12.5,10.87,44.0,yes,3,16800.0,14609.279999999999,2190.720000000001,3.273809523809524,1.0,0.0,1,0,1.7321428571428572,Low
po-00108,delta_logistics,2022-08-05,2022-08-24,raw materials,pending,505,45.42,40.37,62.0,yes,19,22937.100000000002,20386.85,2550.2500000000036,12.277227722772277,0.3,70.0,1,0,25.933168316831683,High
po-00109,beta_supplies,2023-08-04,2023-08-05,packaging,delivered,1535,90.83,78.28,151.0,no,1,139424.05,120159.8,19264.249999999985,9.8371335504886,1.0,0.0,0,100,23.20114006514658,Medium
po-00110,beta_supplies,2022-11-19,2022-02-13,office supplies,delivered,1800,103.8,96.27,166.0,yes,-279,186840.0,173286.0,13554.0,9.222222222222221,1.0,0.0,1,0,-66.98333333333333,
po-00111,delta_logistics,2022-08-06,2022-08-15,raw materials,pending,1325,24.36,22.75,206.0,yes,9,32277.0,30143.75,2133.25,15.547169811320755,0.3,70.0,1,0,24.414150943396226,Medium
po-00112,gamma_co,2023-11-03,2023-11-09,raw materials,delivered,1066,70.45,65.88,56.0,no,6,75099.7,70228.08,4871.619999999995,5.253283302063791,1.0,0.0,0,100,23.075984990619137,Medium
po-00113,beta_supplies,2023-05-27,2023-06-11,raw materials,delivered,1775,47.82,45.86,180.0,yes,15,84880.5,81401.5,3479.0,10.140845070422536,1.0,0.0,1,0,6.79225352112676,Low
po-00114,gamma_co,2023-02-10,2022-02-13,raw materials,partially delivered,345,103.62,98.09,25.0,no,-362,35748.9,33841.05,1907.8499999999985,7.246376811594203,0.5,50.0,0,100,-55.826086956521735,
po-00115,beta_supplies,2023-10-21,2023-11-09,electronics,delivered,1798,94.8,91.83,0.0,yes,19,170450.4,165110.34,5340.059999999998,0.0,1.0,0.0,1,0,4.75,Low
po-00116,alpha_inc,2023-04-15,2023-05-01,mro,delivered,769,91.86,86.55,17.0,yes,16,70640.34,66556.95,4083.3899999999994,2.2106631989596877,1.0,0.0,1,0,4.663198959687906,Low
po-00117,alpha_inc,2022-05-27,2022-02-13,packaging,delivered,1822,53.23,47.49,39.0,yes,-103,96985.06,86526.78,10458.279999999999,2.140504939626784,1.0,0.0,1,0,-25.107848518111965,
po-00118,delta_logistics,2022-09-29,2022-10-13,packaging,delivered,387,49.23,45.41,61.0,yes,14,19052.01,17573.67,1478.3400000000001,15.762273901808785,1.0,0.0,1,0,8.228682170542635,Low
po-00119,epsilon_group,2022-05-23,2022-05-27,mro,delivered,928,35.3,32.52,26.0,yes,4,32758.399999999998,30178.56,2579.8399999999965,2.8017241379310347,1.0,0.0,1,0,1.8405172413793105,Low
po-00120,alpha_inc,2022-09-10,2022-09-21,packaging,partially delivered,1126,15.68,14.97,27.0,yes,11,17655.68,16856.22,799.4599999999991,2.3978685612788633,0.5,50.0,1,0,15.969360568383658,Medium
po-00121,beta_supplies,2023-07-29,2023-08-14,raw materials,cancelled,841,95.73,85.33,81.0,yes,16,80508.93000000001,71762.53,8746.400000000009,9.63139120095125,0.0,100.0,1,0,31.889417360285375,High
po-00122,beta_supplies,2023-07-06,2023-07-19,electronics,delivered,1995,90.65,77.75,206.0,yes,13,180846.75,155111.25,25735.5,10.325814536340852,1.0,0.0,1,0,6.347744360902256,Low
po-00123,alpha_inc,2022-09-27,2022-10-15,raw materials,delivered,266,103.97,101.44,6.0,yes,18,27656.02,26983.04,672.9799999999996,2.2556390977443606,1.0,0.0,1,0,5.176691729323308,Low
po-00124,alpha_inc,2023-08-22,2023-08-25,raw materials,cancelled,813,109.17,107.39,14.0,yes,3,88755.21,87308.07,1447.1399999999994,1.7220172201722017,0.0,100.0,1,0,26.26660516605166,High
po-00125,epsilon_group,2023-03-15,2023-03-26,electronics,delivered,237,64.19,59.01,7.0,yes,11,15213.029999999999,13985.369999999999,1227.6599999999999,2.9535864978902953,1.0,0.0,1,0,3.6360759493670884,Low
po-00126,alpha_inc,2023-08-21,2023-09-03,office supplies,cancelled,429,86.73,75.09,9.0,yes,13,37207.17,32213.61,4993.559999999998,2.097902097902098,0.0,100.0,1,0,28.87937062937063,High
po-00127,delta_logistics,2023-02-13,2023-02-14,packaging,delivered,542,101.21,93.11,78.0,no,1,54855.82,50465.62,4390.199999999997,14.391143911439114,1.0,0.0,0,100,24.567343173431734,Medium
po-00128,epsilon_group,2023-01-06,2023-01-24,electronics,delivered,1114,91.66,85.53,35.0,yes,18,102109.23999999999,95280.42,6828.819999999992,3.141831238779174,1.0,0.0,1,0,5.442549371633752,Low
po-00129,alpha_inc,2022-08-13,2022-08-15,mro,delivered,1230,33.39,30.85,26.0,yes,2,41069.7,37945.5,3124.199999999997,2.113821138211382,1.0,0.0,1,0,1.1341463414634148,Low
po-00130,beta_supplies,2022-05-22,2022-06-03,mro,delivered,64,51.56,50.88,5.0,yes,12,3299.84,3256.32,43.51999999999998,7.8125,1.0,0.0,1,0,5.34375,Low
po-00131,alpha_inc,2023-06-06,2023-06-22,mro,delivered,1886,23.46,23.18,0.0,yes,16,44245.560000000005,43717.479999999996,528.080000000009,0.0,1.0,0.0,1,0,4.0,Low
po-00132,delta_logistics,2023-05-21,2023-05-23,office supplies,delivered,114,103.53,101.54,14.0,yes,2,11802.42,11575.560000000001,226.85999999999876,12.280701754385964,1.0,0.0,1,0,4.184210526315789,Low
po-00133,delta_logistics,2022-04-04,2022-04-22,electronics,cancelled,1930,65.52,56.9,282.0,yes,18,126453.59999999999,109817.0,16636.59999999999,14.61139896373057,0.0,100.0,1,0,33.88341968911917,High
po-00134,beta_supplies,2022-02-18,2022-02-28,office supplies,pending,1912,30.73,29.82,191.0,yes,10,58755.76,57015.840000000004,1739.9199999999983,9.989539748953975,0.3,70.0,1,0,22.996861924686193,Medium
po-00135,epsilon_group,2022-04-23,2022-05-09,mro,delivered,570,71.51,66.47,0.0,yes,16,40760.700000000004,37887.9,2872.800000000003,0.0,1.0,0.0,1,0,4.0,Low
po-00136,beta_supplies,2022-06-06,2022-06-26,raw materials,delivered,1417,67.27,60.62,0.0,yes,20,95321.59,85898.54,9423.050000000003,0.0,1.0,0.0,1,0,5.0,Low
po-00137,alpha_inc,2023-10-05,2023-10-11,raw materials,delivered,1202,46.67,44.13,21.0,no,6,56097.340000000004,53044.26,3053.0800000000017,1.747088186356073,1.0,0.0,0,100,22.02412645590682,Medium
po-00138,beta_supplies,2022-06-13,2022-06-14,office supplies,delivered,697,20.73,19.83,78.0,no,1,14448.81,13821.509999999998,627.3000000000011,11.190817790530847,1.0,0.0,0,100,23.607245337159256,Medium
po-00139,epsilon_group,2023-11-28,2023-12-01,mro,delivered,1545,78.19,76.91,42.0,yes,3,120803.55,118825.95,1977.6000000000058,2.7184466019417477,1.0,0.0,1,0,1.5655339805825244,Low
po-00140,gamma_co,2023-03-09,2023-03-13,mro,partially delivered,1136,60.81,58.25,62.0,yes,4,69080.16,66172.0,2908.1600000000035,5.457746478873239,0.5,50.0,1,0,15.137323943661972,Medium
po-00141,beta_supplies,2023-09-03,2023-09-07,mro,delivered,1212,87.46,74.55,118.0,no,4,106001.51999999999,90354.59999999999,15646.919999999998,9.735973597359736,1.0,0.0,0,100,23.92079207920792,Medium
po-00142,epsilon_group,2022-03-07,2022-03-12,mro,delivered,1572,57.38,49.32,40.0,yes,5,90201.36,77531.04,12670.320000000007,2.5445292620865136,1.0,0.0,1,0,2.013358778625954,Low
po-00143,gamma_co,2023-01-30,2023-02-09,electronics,delivered,642,91.9,81.49,26.0,yes,10,58999.8,52316.579999999994,6683.220000000008,4.049844236760125,1.0,0.0,1,0,3.7149532710280373,Low
po-00144,epsilon_group,2023-01-26,2023-02-04,office supplies,delivered,441,63.25,54.12,16.0,yes,9,27893.25,23866.92,4026.3300000000017,3.6281179138321997,1.0,0.0,1,0,3.33843537414966,Low
po-00145,epsilon_group,2023-09-03,2023-09-19,office supplies,delivered,1748,66.53,57.11,0.0,yes,16,116294.44,99828.28,16466.160000000003,0.0,1.0,0.0,1,0,4.0,Low
po-00146,gamma_co,2023-04-25,2022-02-13,electronics,pending,468,95.57,91.8,24.0,yes,-436,44726.759999999995,42962.4,1764.3599999999933,5.128205128205128,0.3,70.0,1,0,-89.96153846153847,
po-00147,beta_supplies,2023-06-26,2023-07-14,raw materials,delivered,338,50.25,46.28,49.0,no,18,16984.5,15642.640000000001,1341.8599999999988,14.497041420118343,1.0,0.0,0,100,28.849112426035504,High
po-00148,gamma_co,2022-09-15,2022-09-22,office supplies,delivered,428,22.94,21.52,26.0,yes,7,9818.32,9210.56,607.7600000000002,6.074766355140187,1.0,0.0,1,0,3.572429906542056,Low
po-00149,beta_supplies,2023-07-21,2022-02-13,packaging,delivered,1846,13.72,12.62,216.0,yes,-523,25327.120000000003,23296.519999999997,2030.6000000000058,11.700975081256772,1.0,0.0,1,0,-127.23970747562296,
po-00150,epsilon_group,2022-01-12,2022-01-17,office supplies,delivered,1563,77.96,70.8,41.0,yes,5,121851.48,110660.4,11191.080000000002,2.6231605886116443,1.0,0.0,1,0,2.0369481765834934,Low
po-00151,beta_supplies,2023-11-28,2023-12-07,office supplies,delivered,280,73.07,69.29,30.0,yes,9,20459.6,19401.2,1058.3999999999978,10.714285714285714,1.0,0.0,1,0,5.4642857142857135,Low
po-00152,delta_logistics,2022-04-28,2022-05-12,raw materials,delivered,1067,74.47,64.16,0.0,no,14,79459.49,68458.72,11000.770000000004,0.0,1.0,0.0,0,100,23.5,Medium
po-00153,gamma_co,2023-11-30,2023-12-17,electronics,pending,90,32.38,29.96,7.0,yes,17,2914.2000000000003,2696.4,217.80000000000018,7.777777777777778,0.3,70.0,1,0,24.083333333333332,Medium
po-00154,gamma_co,2023-07-04,2023-07-05,raw materials,delivered,1101,24.28,22.73,59.0,no,1,26732.280000000002,25025.73,1706.550000000003,5.358764759309718,1.0,0.0,0,100,21.857629427792915,Medium
po-00155,alpha_inc,2022-10-01,2022-10-11,raw materials,delivered,184,11.82,10.51,4.0,yes,10,2174.88,1933.84,241.0400000000002,2.1739130434782608,1.0,0.0,1,0,3.152173913043478,Low
po-00156,epsilon_group,2023-10-19,2023-11-07,electronics,delivered,250,45.92,41.02,3.0,yes,19,11480.0,10255.0,1225.0,1.2,1.0,0.0,1,0,5.11,Low
po-00157,epsilon_group,2022-12-15,2022-02-13,packaging,cancelled,1913,66.56,61.34,61.0,yes,-305,127329.28,117343.42000000001,9985.859999999986,3.1887088342916883,0.0,100.0,1,0,-50.29338734971249,
po-00158,beta_supplies,2022-04-25,2022-04-30,electronics,delivered,829,45.98,40.39,0.0,yes,5,38117.42,33483.31,4634.110000000001,0.0,1.0,0.0,1,0,1.25,Low
po-00159,delta_logistics,2022-10-28,2022-11-13,raw materials,delivered,979,51.59,49.69,148.0,yes,16,50506.61,48646.509999999995,1860.1000000000058,15.117466802860061,1.0,0.0,1,0,8.535240040858017,Low
po-00160,epsilon_group,2023-03-22,2023-04-09,electronics,partially delivered,1106,97.77,90.45,31.0,yes,18,108133.62,100037.7,8095.919999999998,2.802893309222423,0.5,50.0,1,0,17.840867992766725,Medium
po-00161,delta_logistics,2022-06-11,2022-06-24,office supplies,pending,1121,42.38,38.34,152.0,yes,13,47507.98,42979.14000000001,4528.8399999999965,13.559322033898304,0.3,70.0,1,0,24.81779661016949,Medium
po-00162,alpha_inc,2023-04-10,2023-04-21,office supplies,delivered,552,60.48,56.78,10.0,yes,11,33384.96,31342.56,2042.3999999999978,1.8115942028985508,1.0,0.0,1,0,3.2934782608695654,Low
po-00163,gamma_co,2022-01-04,2022-01-12,packaging,delivered,456,80.53,77.86,26.0,yes,8,36721.68,35504.159999999996,1217.520000000004,5.701754385964912,1.0,0.0,1,0,3.7105263157894735,Low
po-00164,delta_logistics,2022-09-27,2022-10-05,packaging,delivered,1647,47.52,44.92,0.0,yes,8,78265.44,73983.24,4282.199999999997,0.0,1.0,0.0,1,0,2.0,Low
po-00165,epsilon_group,2023-05-28,2023-06-11,electronics,pending,1801,71.27,61.24,43.0,yes,14,128357.26999999999,110293.24,18064.029999999984,2.3875624652970573,0.3,70.0,1,0,21.71626873958912,Medium
po-00166,gamma_co,2022-07-02,2022-07-18,electronics,delivered,854,90.24,85.53,0.0,yes,16,77064.95999999999,73042.62,4022.3399999999965,0.0,1.0,0.0,1,0,4.0,Low
po-00167,delta_logistics,2023-06-04,2023-06-17,electronics,delivered,148,103.57,98.62,23.0,no,13,15328.359999999999,14595.76,732.5999999999985,15.54054054054054,1.0,0.0,0,100,27.91216216216216,High
po-00168,delta_logistics,2022-04-19,2022-04-24,mro,delivered,733,23.59,22.85,92.0,yes,5,17291.47,16749.05,542.4200000000019,12.551159618008187,1.0,0.0,1,0,5.015347885402456,Low
po-00169,beta_supplies,2023-10-03,2023-10-05,raw materials,delivered,1945,103.2,88.56,0.0,yes,2,200724.0,172249.2,28474.79999999999,0.0,1.0,0.0,1,0,0.5,Low
po-00170,gamma_co,2022-11-02,2022-11-21,raw materials,delivered,775,57.0,49.14,48.0,yes,19,44175.0,38083.5,6091.5,6.193548387096774,1.0,0.0,1,0,6.608064516129032,Low
po-00171,delta_logistics,2023-10-17,2023-10-21,packaging,delivered,1620,36.73,33.45,235.0,no,4,59502.6,54189.00000000001,5313.599999999991,14.506172839506174,1.0,0.0,0,100,25.35185185185185,High
po-00172,beta_supplies,2023-06-04,2023-06-19,office supplies,delivered,1010,55.68,50.86,0.0,yes,15,56236.8,51368.6,4868.200000000004,0.0,1.0,0.0,1,0,3.75,Low
po-00173,epsilon_group,2023-09-16,2023-10-01,office supplies,delivered,1812,108.02,101.02,51.0,yes,15,195732.24,183048.24,12684.0,2.814569536423841,1.0,0.0,1,0,4.594370860927152,Low
po-00174,delta_logistics,2022-07-23,2022-07-28,office supplies,delivered,662,55.97,50.0,100.0,yes,5,37052.14,33100.0,3952.1399999999994,15.105740181268882,1.0,0.0,1,0,5.781722054380665,Low
po-00175,beta_supplies,2022-06-06,2022-06-11,office supplies,pending,1535,40.58,38.71,165.0,yes,5,62290.299999999996,59419.85,2870.449999999997,10.749185667752444,0.3,70.0,1,0,21.974755700325733,Medium
po-00176,beta_supplies,2023-01-18,2023-01-27,raw materials,delivered,692,71.03,67.74,70.0,yes,9,49152.76,46876.079999999994,2276.6800000000076,10.115606936416185,1.0,0.0,1,0,5.284682080924855,Low
po-00177,gamma_co,2022-06-15,2022-06-28,mro,delivered,1842,32.4,28.08,96.0,yes,13,59680.799999999996,51723.35999999999,7957.440000000002,5.211726384364821,1.0,0.0,1,0,4.813517915309446,Low
po-00178,beta_supplies,2023-07-07,2023-07-18,office supplies,cancelled,1078,18.34,17.41,102.0,yes,11,19770.52,18767.98,1002.5400000000009,9.461966604823747,0.0,100.0,1,0,30.58858998144712,High
po-00179,delta_logistics,2023-06-28,2023-07-16,packaging,delivered,1291,23.44,22.23,0.0,yes,18,30261.04,28698.93,1562.1100000000006,0.0,1.0,0.0,1,0,4.5,Low
po-00180,alpha_inc,2022-01-01,2022-01-12,electronics,delivered,552,21.52,18.79,13.0,yes,11,11879.039999999999,10372.08,1506.9599999999991,2.355072463768116,1.0,0.0,1,0,3.4565217391304346,Low
po-00181,epsilon_group,2023-09-06,2023-09-22,electronics,delivered,816,26.04,25.61,28.0,yes,16,21248.64,20897.76,350.880000000001,3.431372549019608,1.0,0.0,1,0,5.029411764705882,Low
po-00182,delta_logistics,2022-11-28,2022-11-30,packaging,delivered,447,23.62,21.81,50.0,yes,2,10558.140000000001,9749.07,809.0700000000015,11.185682326621924,1.0,0.0,1,0,3.8557046979865772,Low
po-00183,delta_logistics,2023-05-16,2023-05-24,packaging,partially delivered,920,73.09,70.14,0.0,yes,8,67242.8,64528.8,2714.0,0.0,0.5,50.0,1,0,14.5,Medium
po-00184,epsilon_group,2022-01-20,2022-01-30,packaging,partially delivered,844,26.37,25.08,38.0,yes,10,22256.280000000002,21167.519999999997,1088.7600000000057,4.502369668246446,0.5,50.0,1,0,16.350710900473935,Medium
po-00185,epsilon_group,2022-04-25,2022-02-13,mro,delivered,442,41.73,36.45,15.0,yes,-71,18444.66,16110.900000000001,2333.7599999999984,3.3936651583710407,1.0,0.0,1,0,-16.731900452488688,
po-00186,beta_supplies,2023-01-07,2023-01-21,electronics,cancelled,256,96.15,83.44,26.0,yes,14,24614.4,21360.64,3253.760000000002,10.15625,0.0,100.0,1,0,31.546875,High
po-00187,delta_logistics,2022-11-11,2022-02-13,mro,partially delivered,1088,55.29,53.04,161.0,no,-271,60155.52,57707.52,2448.0,14.79779411764706,0.5,50.0,0,100,-30.810661764705884,
po-00188,beta_supplies,2022-09-03,2022-09-07,office supplies,delivered,1931,72.88,64.69,187.0,yes,4,140731.28,124916.39,15814.89,9.684101501812533,1.0,0.0,1,0,3.9052304505437596,Low
po-00189,gamma_co,2022-03-01,2022-03-11,electronics,delivered,1627,25.76,25.09,74.0,yes,10,41911.520000000004,40821.43,1090.0900000000038,4.548248309772587,1.0,0.0,1,0,3.864474492931776,Low
po-00190,beta_supplies,2022-09-04,2022-02-13,packaging,delivered,941,28.4,27.21,0.0,no,-203,26724.399999999998,25604.61,1119.7899999999972,0.0,1.0,0.0,0,100,-30.75,
po-00191,gamma_co,2023-08-04,2023-08-06,mro,delivered,1534,14.98,12.79,0.0,yes,2,22979.32,19619.859999999997,3359.4600000000028,0.0,1.0,0.0,1,0,0.5,Low
po-00192,alpha_inc,2022-03-22,2022-04-03,raw materials,delivered,1764,25.46,24.52,46.0,yes,12,44911.44,43253.28,1658.1600000000035,2.6077097505668934,1.0,0.0,1,0,3.782312925170068,Low
po-00193,delta_logistics,2022-03-29,2022-04-06,electronics,delivered,1648,35.42,31.46,0.0,no,8,58372.16,51846.08,6526.080000000002,0.0,1.0,0.0,0,100,22.0,Medium
po-00194,gamma_co,2023-05-13,2023-06-01,packaging,delivered,913,28.01,24.06,53.0,yes,19,25573.13,21966.78,3606.350000000002,5.805038335158817,1.0,0.0,1,0,6.491511500547645,Low
po-00195,alpha_inc,2022-03-12,2022-03-18,packaging,cancelled,792,18.16,17.25,17.0,yes,6,14382.72,13662.0,720.7199999999993,2.146464646464646,0.0,100.0,1,0,27.143939393939394,High
po-00196,epsilon_group,2023-06-30,2023-07-03,office supplies,partially delivered,1314,22.63,21.06,44.0,yes,3,29735.82,27672.839999999997,2062.980000000003,3.34855403348554,0.5,50.0,1,0,14.254566210045661,Medium
po-00197,beta_supplies,2022-05-09,2022-05-22,mro,delivered,613,52.5,45.19,70.0,yes,13,32182.5,27701.469999999998,4481.0300000000025,11.419249592169658,1.0,0.0,1,0,6.675774877650897,Low
po-00198,alpha_inc,2022-05-12,2022-05-20,office supplies,delivered,1070,29.14,26.63,24.0,yes,8,31179.8,28494.1,2685.7000000000007,2.2429906542056073,1.0,0.0,1,0,2.6728971962616823,Low
po-00199,gamma_co,2023-11-07,2023-11-26,raw materials,partially delivered,145,47.49,42.76,6.0,yes,19,6886.05,6200.2,685.8500000000004,4.137931034482759,0.5,50.0,1,0,18.491379310344826,Medium
po-00200,delta_logistics,2023-05-02,2023-05-17,raw materials,delivered,1973,59.73,54.95,291.0,yes,15,117847.29,108416.35,9430.939999999988,14.749113025848962,1.0,0.0,1,0,8.174733907754689,Low
po-00201,epsilon_group,2023-07-17,2023-08-01,office supplies,delivered,1807,78.63,73.08,100.0,yes,15,142084.41,132055.56,10028.850000000006,5.534034311012729,1.0,0.0,1,0,5.410210293303819,Low
po-00202,epsilon_group,2022-06-19,2022-06-20,electronics,delivered,534,13.88,12.51,100.0,yes,1,7411.92,6680.34,731.5799999999999,18.726591760299627,1.0,0.0,1,0,5.867977528089888,Low
po-00203,alpha_inc,2022-09-29,2022-10-14,electronics,delivered,1480,85.22,75.48,100.0,yes,15,126125.59999999999,111710.40000000001,14415.199999999983,6.756756756756757,1.0,0.0,1,0,5.777027027027027,Low
po-00204,alpha_inc,2023-06-25,2022-02-13,office supplies,delivered,280,72.16,62.38,100.0,yes,-497,20204.8,17466.4,2738.399999999998,35.714285714285715,1.0,0.0,1,0,-113.53571428571429,
po-00205,beta_supplies,2023-09-14,2023-09-20,office supplies,cancelled,798,19.09,17.76,100.0,yes,6,15233.82,14172.480000000001,1061.3399999999983,12.531328320802004,0.0,100.0,1,0,30.2593984962406,High
po-00206,epsilon_group,2023-03-10,2023-03-22,electronics,delivered,1728,94.83,90.2,100.0,yes,12,163866.24,155865.6,8000.639999999985,5.787037037037037,1.0,0.0,1,0,4.736111111111111,Low
po-00207,epsilon_group,2022-08-05,2022-02-13,mro,delivered,1244,96.13,84.78,43.0,yes,-173,119585.72,105466.32,14119.399999999994,3.456591639871383,1.0,0.0,1,0,-42.213022508038584,
po-00208,beta_supplies,2023-07-07,2023-07-21,office supplies,delivered,590,16.89,15.56,46.0,no,14,9965.1,9180.4,784.7000000000007,7.796610169491526,1.0,0.0,0,100,25.838983050847457,High
po-00209,delta_logistics,2023-12-08,2023-12-23,packaging,delivered,1109,38.93,33.33,152.0,yes,15,43173.37,36962.97,6210.4000000000015,13.706041478809738,1.0,0.0,1,0,7.861812443642921,Low
po-00210,beta_supplies,2022-07-25,2022-08-01,mro,delivered,574,85.03,82.55,54.0,yes,7,48807.22,47383.7,1423.520000000004,9.40766550522648,1.0,0.0,1,0,4.572299651567944,Low
po-00211,gamma_co,2024-01-01,2022-02-13,office supplies,delivered,1233,86.62,76.59,65.0,yes,-687,106802.46,94435.47,12366.990000000005,5.271695052716951,1.0,0.0,1,0,-170.16849148418493,
po-00212,gamma_co,2022-11-16,2022-11-20,packaging,delivered,1912,27.94,25.59,83.0,no,4,53421.28,48928.08,4493.199999999997,4.341004184100418,1.0,0.0,0,100,22.302301255230127,Medium
po-00213,alpha_inc,2023-02-13,2023-03-04,packaging,delivered,1772,30.72,27.76,46.0,no,19,54435.84,49190.72,5245.119999999995,2.595936794582393,1.0,0.0,0,100,25.528781038374717,High
po-00214,beta_supplies,2023-11-19,2023-11-29,office supplies,delivered,1316,48.11,41.9,135.0,yes,10,63312.76,55140.4,8172.360000000001,10.25835866261398,1.0,0.0,1,0,5.577507598784194,Low
po-00215,beta_supplies,2023-10-28,2022-02-13,office supplies,delivered,1159,59.24,58.08,0.0,yes,-622,68659.16,67314.72,1344.4400000000023,0.0,1.0,0.0,1,0,-155.5,
po-00216,alpha_inc,2023-01-18,2023-01-31,office supplies,delivered,1869,69.58,67.5,31.0,yes,13,130045.02,126157.5,3887.520000000004,1.6586409844836811,1.0,0.0,1,0,3.7475922953451044,Low
po-00217,delta_logistics,2023-03-25,2023-04-13,packaging,delivered,627,46.23,42.87,0.0,yes,19,28986.21,26879.489999999998,2106.720000000001,0.0,1.0,0.0,1,0,4.75,Low
po-00218,beta_supplies,2023-06-14,2023-06-16,raw materials,pending,731,56.02,54.78,70.0,no,2,40950.62,40044.18,906.4400000000023,9.575923392612859,0.3,70.0,0,100,40.87277701778386,High
po-00219,epsilon_group,2023-04-08,2022-02-13,office supplies,cancelled,606,83.07,79.22,16.0,yes,-419,50340.42,48007.32,2333.0999999999985,2.6402640264026402,0.0,100.0,1,0,-78.95792079207921,
po-00220,beta_supplies,2022-05-04,2022-05-14,office supplies,delivered,1647,13.57,12.33,157.0,yes,10,22349.79,20307.51,2042.2800000000025,9.532483302975105,1.0,0.0,1,0,5.359744990892532,Low
po-00221,delta_logistics,2022-09-11,2022-09-19,mro,delivered,1062,34.03,30.46,0.0,yes,8,36139.86,32348.52,3791.34,0.0,1.0,0.0,1,0,2.0,Low
po-00222,beta_supplies,2022-08-19,2022-08-31,office supplies,delivered,695,76.8,69.76,0.0,no,12,53376.0,48483.200000000004,4892.799999999996,0.0,1.0,0.0,0,100,23.0,Medium
po-00223,epsilon_group,2022-03-07,2022-03-14,mro,delivered,845,91.47,86.97,0.0,yes,7,77292.15,73489.65,3802.5,0.0,1.0,0.0,1,0,1.75,Low
po-00224,gamma_co,2022-12-13,2022-12-18,mro,delivered,1101,59.13,52.51,54.0,yes,5,65102.130000000005,57813.509999999995,7288.62000000001,4.904632152588556,1.0,0.0,1,0,2.7213896457765667,Low
po-00225,gamma_co,2022-01-22,2022-01-24,raw materials,delivered,1693,57.89,49.84,88.0,yes,2,98007.77,84379.12000000001,13628.649999999994,5.197873597164796,1.0,0.0,1,0,2.059362079149439,Low
po-00226,delta_logistics,2023-08-26,2023-09-10,office supplies,cancelled,1629,21.51,19.41,250.0,no,15,35039.79,31618.89,3420.9000000000015,15.34683855125844,0.0,100.0,0,100,53.35405156537753,High
po-00227,delta_logistics,2023-07-22,2023-08-03,raw materials,delivered,1413,54.79,50.42,0.0,yes,12,77418.27,71243.46,6174.809999999998,0.0,1.0,0.0,1,0,3.0,Low
po-00228,epsilon_group,2022-08-24,2022-08-27,packaging,delivered,1871,59.96,58.54,47.0,yes,3,112185.16,109528.34,2656.820000000007,2.512025654730091,1.0,0.0,1,0,1.5036076964190273,Low
po-00229,gamma_co,2023-08-26,2022-02-13,raw materials,delivered,1404,34.85,30.5,78.0,yes,-559,48929.4,42822.0,6107.4000000000015,5.555555555555555,1.0,0.0,1,0,-138.08333333333334,
po-00230,gamma_co,2022-08-14,2022-08-28,electronics,delivered,1713,35.43,34.11,74.0,yes,14,60691.59,58430.43,2261.159999999996,4.3199065966141275,1.0,0.0,1,0,4.795971978984238,Low
po-00231,gamma_co,2022-01-08,2022-01-13,electronics,delivered,1579,43.96,43.41,74.0,yes,5,69412.84,68544.39,868.4499999999971,4.686510449651679,1.0,0.0,1,0,2.655953134895504,Low
po-00232,gamma_co,2022-03-14,2022-03-26,electronics,delivered,1421,11.92,11.72,76.0,yes,12,16938.32,16654.120000000003,284.1999999999971,5.348346235045742,1.0,0.0,1,0,4.604503870513723,Low
po-00233,epsilon_group,2023-12-26,2024-01-04,mro,delivered,1546,43.47,37.37,53.0,yes,9,67204.62,57774.02,9430.599999999999,3.428201811125485,1.0,0.0,1,0,3.2784605433376455,Low
po-00234,delta_logistics,2023-10-09,2023-10-18,electronics,delivered,1304,32.08,29.36,0.0,yes,9,41832.32,38285.44,3546.8799999999974,0.0,1.0,0.0,1,0,2.25,Low
po-00235,delta_logistics,2022-03-02,2022-02-13,raw materials,delivered,239,39.87,35.47,32.0,yes,-17,9528.93,8477.33,1051.6000000000004,13.389121338912133,1.0,0.0,1,0,-0.23326359832636,Low
po-00236,alpha_inc,2022-08-23,2022-02-13,office supplies,delivered,1298,21.51,20.83,0.0,yes,-191,27919.980000000003,27037.339999999997,882.6400000000067,0.0,1.0,0.0,1,0,-47.75,
po-00237,delta_logistics,2022-03-11,2022-02-13,mro,delivered,1458,91.05,81.56,220.0,yes,-26,132750.9,118914.48000000001,13836.419999999984,15.089163237311384,1.0,0.0,1,0,-1.973251028806585,
po-00238,gamma_co,2022-02-02,2022-02-13,mro,delivered,1450,63.74,59.11,71.0,yes,11,92423.0,85709.5,6713.5,4.8965517241379315,1.0,0.0,1,0,4.218965517241379,Low
po-00239,beta_supplies,2022-12-05,2022-12-20,electronics,delivered,1356,75.03,63.86,131.0,yes,15,101740.68000000001,86594.16,15146.520000000004,9.660766961651918,1.0,0.0,1,0,6.648230088495575,Low
po-00240,gamma_co,2022-03-14,2022-02-13,packaging,delivered,682,81.84,71.86,40.0,yes,-29,55814.880000000005,49008.52,6806.360000000008,5.865102639296188,1.0,0.0,1,0,-5.4904692082111435,
po-00241,gamma_co,2023-06-11,2023-06-19,packaging,delivered,677,59.52,55.29,39.0,yes,8,40295.04,37431.33,2863.709999999999,5.760709010339734,1.0,0.0,1,0,3.72821270310192,Low
po-00242,delta_logistics,2022-09-01,2022-09-14,office supplies,delivered,1022,18.54,16.55,150.0,yes,13,18947.879999999997,16914.100000000002,2033.7799999999952,14.677103718199607,1.0,0.0,1,0,7.653131115459882,Low
po-00243,alpha_inc,2022-10-13,2022-02-13,raw materials,delivered,1818,60.96,57.13,41.0,yes,-242,110825.28,103862.34000000001,6962.939999999988,2.255225522552255,1.0,0.0,1,0,-59.82343234323432,
po-00244,epsilon_group,2023-11-17,2023-11-29,electronics,delivered,1332,69.73,63.8,41.0,yes,12,92880.36,84981.59999999999,7898.760000000009,3.078078078078078,1.0,0.0,1,0,3.923423423423423,Low
po-00245,beta_supplies,2023-05-13,2023-05-26,raw materials,delivered,1432,83.26,77.67,174.0,yes,13,119228.32,111223.44,8004.880000000005,12.150837988826815,1.0,0.0,1,0,6.895251396648044,Low
po-00246,beta_supplies,2022-08-08,2022-08-26,packaging,pending,759,50.56,46.47,63.0,no,18,38375.04,35270.729999999996,3104.310000000005,8.300395256916996,0.3,70.0,0,100,44.490118577075094,High
po-00247,alpha_inc,2023-07-07,2023-07-19,packaging,delivered,1529,23.42,22.44,30.0,yes,12,35809.18,34310.76,1498.4199999999983,1.962066710268149,1.0,0.0,1,0,3.588620013080445,Low
po-00248,gamma_co,2022-05-16,2022-05-25,electronics,delivered,1484,36.25,31.8,61.0,yes,9,53795.0,47191.200000000004,6603.799999999996,4.110512129380054,1.0,0.0,1,0,3.4831536388140165,Low
po-00249,epsilon_group,2023-08-08,2023-08-20,packaging,delivered,698,46.73,45.61,15.0,yes,12,32617.539999999997,31835.78,781.7599999999984,2.148997134670487,1.0,0.0,1,0,3.644699140401146,Low
po-00250,epsilon_group,2023-08-14,2023-08-22,packaging,pending,367,74.61,71.36,13.0,yes,8,27381.87,26189.12,1192.75,3.5422343324250685,0.3,70.0,1,0,20.56267029972752,Medium
po-00251,epsilon_group,2023-04-30,2023-05-20,office supplies,partially delivered,1750,65.97,58.34,50.0,yes,20,115447.5,102095.0,13352.5,2.857142857142857,0.5,50.0,1,0,18.357142857142858,Medium
po-00252,delta_logistics,2022-09-06,2022-09-24,office supplies,partially delivered,1298,43.73,37.21,0.0,no,18,56761.53999999999,48298.58,8462.959999999992,0.0,0.5,50.0,0,100,37.0,High
po-00253,gamma_co,2023-04-30,2023-05-20,packaging,delivered,1892,106.2,96.37,93.0,yes,20,200930.4,182332.04,18598.359999999986,4.915433403805497,1.0,0.0,1,0,6.474630021141649,Low
po-00254,beta_supplies,2023-02-21,2023-02-24,electronics,delivered,1307,68.71,60.64,141.0,yes,3,89803.96999999999,79256.48,10547.48999999999,10.788064269319051,1.0,0.0,1,0,3.9864192807957153,Low
po-00255,beta_supplies,2022-07-14,2022-07-29,electronics,delivered,733,32.29,29.01,78.0,yes,15,23668.57,21264.33,2404.239999999998,10.641200545702592,1.0,0.0,1,0,6.942360163710777,Low
po-00256,gamma_co,2022-04-07,2022-02-13,packaging,delivered,713,19.45,18.82,31.0,yes,-53,13867.85,13418.66,449.1900000000005,4.3478260869565215,1.0,0.0,1,0,-11.945652173913043,
po-00257,beta_supplies,2022-04-10,2022-04-24,packaging,delivered,1900,24.11,23.45,188.0,yes,14,45809.0,44555.0,1254.0,9.894736842105264,1.0,0.0,1,0,6.468421052631578,Low
po-00258,delta_logistics,2023-11-06,2023-11-08,mro,cancelled,1447,35.67,35.07,224.0,no,2,51614.490000000005,50746.29,868.2000000000044,15.480304077401522,0.0,100.0,0,100,50.14409122322046,High
po-00259,epsilon_group,2023-03-18,2022-02-13,office supplies,delivered,1745,26.17,22.25,55.0,yes,-398,45666.65,38826.25,6840.4000000000015,3.151862464183381,1.0,0.0,1,0,-98.55444126074498,
po-00260,beta_supplies,2022-12-29,2023-01-14,office supplies,delivered,1681,28.26,26.62,143.0,yes,16,47505.060000000005,44748.22,2756.840000000004,8.506841165972636,1.0,0.0,1,0,6.552052349791791,Low
po-00261,delta_logistics,2023-03-10,2023-03-18,electronics,delivered,1545,38.15,36.96,214.0,yes,8,58941.75,57103.200000000004,1838.5499999999956,13.851132686084142,1.0,0.0,1,0,6.155339805825243,Low
po-00262,epsilon_group,2023-02-25,2023-03-02,raw materials,delivered,1306,27.27,25.96,39.0,yes,5,35614.62,33903.76,1710.8600000000006,2.986217457886677,1.0,0.0,1,0,2.145865237366003,Low
po-00263,gamma_co,2023-04-24,2023-05-06,raw materials,delivered,1765,97.51,84.3,65.0,yes,12,172105.15000000002,148789.5,23315.650000000023,3.6827195467422094,1.0,0.0,1,0,4.104815864022663,Low
po-00264,gamma_co,2022-02-25,2022-03-15,packaging,cancelled,1186,17.31,16.0,64.0,yes,18,20529.66,18976.0,1553.6599999999999,5.396290050590219,0.0,100.0,1,0,31.118887015177066,High
po-00265,delta_logistics,2023-11-21,2023-11-26,packaging,delivered,1903,63.5,56.09,254.0,yes,5,120840.5,106739.27,14101.229999999996,13.347346295323174,1.0,0.0,1,0,5.254203888596952,Low
po-00266,delta_logistics,2023-11-01,2023-11-05,mro,delivered,1570,52.1,47.87,0.0,no,4,81797.0,75155.9,6641.100000000006,0.0,1.0,0.0,0,100,21.0,Medium
po-00267,delta_logistics,2023-10-24,2023-11-13,mro,delivered,491,108.75,93.35,0.0,no,20,53396.25,45834.85,7561.4000000000015,0.0,1.0,0.0,0,100,25.0,Medium
po-00268,beta_supplies,2022-04-11,2022-04-20,electronics,partially delivered,613,20.38,20.17,58.0,yes,9,12492.939999999999,12364.210000000001,128.72999999999774,9.461663947797716,0.5,50.0,1,0,17.588499184339312,Medium
po-00269,gamma_co,2022-03-04,2022-03-16,raw materials,partially delivered,1341,46.27,43.94,63.0,yes,12,62048.07000000001,58923.53999999999,3124.5300000000134,4.697986577181208,0.5,50.0,1,0,16.90939597315436,Medium
po-00270,beta_supplies,2023-02-17,2023-03-04,mro,partially delivered,1583,103.57,89.38,164.0,yes,15,163951.31,141488.53999999998,22462.77000000002,10.360075805432722,0.5,50.0,1,0,19.358022741629817,Medium
po-00271,beta_supplies,2022-12-14,2022-02-13,raw materials,cancelled,1880,92.73,90.78,173.0,yes,-304,174332.4,170666.4,3666.0,9.202127659574467,0.0,100.0,1,0,-48.23936170212767,
po-00272,epsilon_group,2022-04-22,2022-04-26,mro,delivered,1459,84.79,82.72,47.0,yes,4,123708.61000000002,120688.48,3020.130000000019,3.221384509938314,1.0,0.0,1,0,1.966415352981494,Low
po-00273,delta_logistics,2022-09-12,2022-02-13,office supplies,delivered,1460,34.54,31.87,208.0,no,-211,50428.4,46530.200000000004,3898.199999999997,14.246575342465754,1.0,0.0,0,100,-28.476027397260275,
po-00274,beta_supplies,2022-07-16,2022-07-28,packaging,partially delivered,1186,26.14,24.78,112.0,yes,12,31002.04,29389.08,1612.9599999999991,9.443507588532883,0.5,50.0,1,0,18.333052276559865,Medium
po-00275,epsilon_group,2022-07-14,2022-07-23,mro,pending,1686,72.28,65.21,53.0,yes,9,121864.08,109944.05999999998,11920.020000000019,3.143534994068802,0.3,70.0,1,0,20.69306049822064,Medium
po-00276,alpha_inc,2023-07-04,2023-07-08,mro,delivered,1698,102.07,100.69,28.0,yes,4,173314.86,170971.62,2343.2399999999907,1.6489988221436984,1.0,0.0,1,0,1.4946996466431095,Low
po-00277,epsilon_group,2023-04-05,2022-02-13,electronics,delivered,1001,64.62,55.7,32.0,yes,-416,64684.62,55755.700000000004,8928.919999999998,3.196803196803197,1.0,0.0,1,0,-103.04095904095904,
po-00278,alpha_inc,2022-05-24,2022-05-27,office supplies,delivered,1154,62.67,54.11,25.0,yes,3,72321.18000000001,62442.94,9878.240000000005,2.166377816291161,1.0,0.0,1,0,1.3999133448873482,Low
po-00279,alpha_inc,2023-03-09,2023-03-29,packaging,cancelled,748,37.66,32.71,0.0,no,20,28169.679999999997,24467.08,3702.599999999995,0.0,0.0,100.0,0,100,50.0,High
po-00280,alpha_inc,2022-07-07,2022-02-13,office supplies,delivered,162,81.63,78.76,2.0,yes,-144,13224.06,12759.12,464.9399999999987,1.2345679012345678,1.0,0.0,1,0,-35.629629629629626,
po-00281,alpha_inc,2022-10-13,2022-10-24,packaging,delivered,51,28.04,24.13,0.0,yes,11,1430.04,1230.6299999999999,199.41000000000008,0.0,1.0,0.0,1,0,2.75,Low
po-00282,delta_logistics,2023-04-19,2023-04-24,office supplies,delivered,691,42.07,39.1,106.0,yes,5,29070.37,27018.100000000002,2052.269999999997,15.340086830680175,1.0,0.0,1,0,5.852026049204052,Low
po-00283,beta_supplies,2022-09-13,2022-09-20,office supplies,delivered,269,50.22,45.75,32.0,no,7,13509.18,12306.75,1202.4300000000003,11.895910780669144,1.0,0.0,0,100,25.31877323420074,High
po-00284,beta_supplies,2022-03-19,2022-04-06,electronics,pending,1639,56.24,55.4,147.0,yes,18,92177.36,90800.59999999999,1376.7600000000093,8.96888346552776,0.3,70.0,1,0,24.690665039658327,Medium
po-00285,alpha_inc,2023-03-30,2023-04-06,raw materials,delivered,904,34.04,30.06,26.0,yes,7,30772.16,27174.239999999998,3597.920000000002,2.8761061946902653,1.0,0.0,1,0,2.6128318584070795,Low
po-00286,beta_supplies,2023-07-18,2023-07-26,office supplies,delivered,1809,22.17,19.65,0.0,yes,8,40105.530000000006,35546.85,4558.680000000008,0.0,1.0,0.0,1,0,2.0,Low
po-00287,alpha_inc,2022-04-11,2022-04-16,packaging,delivered,1298,65.93,58.95,0.0,yes,5,85577.14000000001,76517.1,9060.040000000008,0.0,1.0,0.0,1,0,1.25,Low
po-00288,beta_supplies,2022-02-21,2022-03-13,packaging,delivered,434,36.16,34.79,41.0,yes,20,15693.439999999999,15098.859999999999,594.5799999999999,9.44700460829493,1.0,0.0,1,0,7.834101382488479,Low
po-00289,epsilon_group,2023-10-30,2023-11-04,electronics,delivered,1476,68.85,65.28,43.0,yes,5,101622.59999999999,96353.28,5269.319999999992,2.913279132791328,1.0,0.0,1,0,2.1239837398373984,Low
po-00290,delta_logistics,2023-07-08,2022-02-13,raw materials,partially delivered,1711,26.04,24.81,290.0,yes,-510,44554.439999999995,42449.909999999996,2104.529999999999,16.94915254237288,0.5,50.0,1,0,-109.91525423728814,
po-00291,gamma_co,2022-01-16,2022-01-22,packaging,delivered,1203,53.3,47.68,49.0,yes,6,64119.899999999994,57359.04,6760.859999999993,4.073150457190358,1.0,0.0,1,0,2.7219451371571073,Low
po-00292,alpha_inc,2022-04-06,2022-04-07,electronics,delivered,1126,58.8,52.22,0.0,yes,1,66208.8,58799.72,7409.080000000002,0.0,1.0,0.0,1,0,0.25,Low
po-00293,epsilon_group,2022-08-31,2022-09-12,packaging,delivered,1757,15.18,13.06,63.0,yes,12,26671.26,22946.420000000002,3724.8399999999965,3.5856573705179287,1.0,0.0,1,0,4.075697211155378,Low
po-00294,epsilon_group,2022-06-20,2022-06-28,mro,delivered,779,41.3,36.28,20.0,yes,8,32172.699999999997,28262.120000000003,3910.5799999999945,2.5673940949935816,1.0,0.0,1,0,2.7702182284980745,Low
po-00295,delta_logistics,2023-02-21,2023-02-22,office supplies,delivered,1745,23.53,22.57,282.0,no,1,41059.85,39384.65,1675.199999999997,16.16045845272206,1.0,0.0,0,100,25.09813753581662,High
po-00296,delta_logistics,2023-05-13,2023-05-15,raw materials,delivered,1783,16.96,15.8,295.0,yes,2,30239.68,28171.4,2068.279999999999,16.545148625911384,1.0,0.0,1,0,5.4635445877734155,Low
po-00297,alpha_inc,2023-05-08,2023-05-22,office supplies,partially delivered,1489,107.02,93.3,0.0,yes,14,159352.78,138923.69999999998,20429.080000000016,0.0,0.5,50.0,1,0,16.0,Medium
po-00298,alpha_inc,2022-08-07,2022-08-10,office supplies,delivered,296,40.38,35.25,0.0,yes,3,11952.480000000001,10434.0,1518.4800000000014,0.0,1.0,0.0,1,0,0.75,Low
po-00299,epsilon_group,2023-02-15,2023-02-27,mro,delivered,885,88.28,80.8,31.0,yes,12,78127.8,71508.0,6619.800000000003,3.5028248587570623,1.0,0.0,1,0,4.0508474576271185,Low
po-00300,epsilon_group,2022-03-02,2022-03-06,raw materials,pending,1512,33.25,30.15,53.0,yes,4,50274.0,45586.799999999996,4687.200000000004,3.505291005291005,0.3,70.0,1,0,19.5515873015873,Medium
po-00301,delta_logistics,2022-06-18,2022-06-26,office supplies,delivered,252,73.12,67.64,0.0,no,8,18426.24,17045.28,1380.9600000000028,0.0,1.0,0.0,0,100,22.0,Medium
po-00302,alpha_inc,2023-01-24,2022-02-13,electronics,cancelled,1257,83.13,81.89,30.0,yes,-345,104494.40999999999,102935.73,1558.679999999993,2.386634844868735,0.0,100.0,1,0,-60.53400954653938,
po-00303,alpha_inc,2022-01-03,2022-01-20,packaging,delivered,172,63.61,55.92,4.0,yes,17,10940.92,9618.24,1322.6800000000003,2.3255813953488373,1.0,0.0,1,0,4.9476744186046515,Low
po-00304,epsilon_group,2023-02-04,2023-02-05,packaging,pending,450,55.85,49.88,9.0,yes,1,25132.5,22446.0,2686.5,2.0,0.3,70.0,1,0,18.35,Medium
po-00305,gamma_co,2022-09-29,2022-10-15,electronics,delivered,816,48.95,43.42,45.0,yes,16,39943.200000000004,35430.72,4512.480000000003,5.514705882352941,1.0,0.0,1,0,5.654411764705882,Low
po-00306,epsilon_group,2023-04-11,2023-04-25,packaging,delivered,343,44.5,38.57,7.0,yes,14,15263.5,13229.51,2033.9899999999998,2.0408163265306123,1.0,0.0,1,0,4.112244897959184,Low
po-00307,gamma_co,2022-10-20,2022-11-05,mro,delivered,329,97.87,85.35,21.0,no,16,32199.230000000003,28080.149999999998,4119.080000000005,6.382978723404255,1.0,0.0,0,100,25.914893617021278,High
po-00308,alpha_inc,2023-03-10,2023-03-25,electronics,delivered,1910,90.69,85.8,0.0,yes,15,173217.9,163878.0,9339.899999999994,0.0,1.0,0.0,1,0,3.75,Low
po-00309,epsilon_group,2023-12-15,2023-12-18,mro,delivered,933,107.99,104.29,29.0,yes,3,100754.67,97302.57,3452.0999999999913,3.1082529474812435,1.0,0.0,1,0,1.682475884244373,Low
po-00310,delta_logistics,2023-07-24,2023-07-29,raw materials,delivered,1683,23.09,21.88,253.0,yes,5,38860.47,36824.04,2036.4300000000003,15.032679738562091,1.0,0.0,1,0,5.759803921568627,Low
po-00311,beta_supplies,2023-11-09,2023-11-18,packaging,pending,247,84.11,71.97,0.0,yes,9,20775.17,17776.59,2998.579999999998,0.0,0.3,70.0,1,0,19.75,Medium
po-00312,alpha_inc,2023-05-14,2023-06-02,mro,delivered,1031,102.01,98.65,0.0,yes,19,105172.31000000001,101708.15000000001,3464.1600000000035,0.0,1.0,0.0,1,0,4.75,Low
po-00313,alpha_inc,2022-06-08,2022-06-19,packaging,delivered,1980,26.97,24.16,41.0,yes,11,53400.6,47836.8,5563.799999999996,2.070707070707071,1.0,0.0,1,0,3.371212121212121,Low
po-00314,epsilon_group,2022-07-14,2022-08-03,raw materials,delivered,1584,16.46,14.2,57.0,yes,20,26072.640000000003,22492.8,3579.840000000004,3.5984848484848486,1.0,0.0,1,0,6.079545454545455,Low
po-00315,beta_supplies,2022-10-31,2022-11-15,office supplies,delivered,801,80.15,70.91,0.0,yes,15,64200.15,56798.909999999996,7401.240000000005,0.0,1.0,0.0,1,0,3.75,Low
po-00316,beta_supplies,2022-08-11,2022-08-25,packaging,delivered,193,63.86,57.46,0.0,yes,14,12324.98,11089.78,1235.199999999999,0.0,1.0,0.0,1,0,3.5,Low
po-00317,beta_supplies,2022-03-01,2022-03-05,raw materials,delivered,658,86.62,79.85,72.0,yes,4,56995.96000000001,52541.299999999996,4454.660000000011,10.94224924012158,1.0,0.0,1,0,4.282674772036474,Low
po-00318,epsilon_group,2023-08-17,2023-09-04,electronics,delivered,1274,24.72,23.36,37.0,yes,18,31493.28,29760.64,1732.6399999999994,2.904238618524333,1.0,0.0,1,0,5.3712715855573,Low
po-00319,epsilon_group,2023-07-10,2023-07-17,packaging,partially delivered,1197,88.92,78.82,31.0,yes,7,106437.24,94347.54,12089.700000000012,2.5898078529657473,0.5,50.0,1,0,15.026942355889723,Medium
po-00320,gamma_co,2022-03-04,2022-03-12,electronics,delivered,236,28.43,28.11,11.0,yes,8,6709.48,6633.96,75.51999999999953,4.661016949152542,1.0,0.0,1,0,3.398305084745763,Low
po-00321,gamma_co,2022-11-18,2022-12-03,raw materials,partially delivered,1399,25.97,22.19,62.0,yes,15,36332.03,31043.81,5288.2199999999975,4.431736954967834,0.5,50.0,1,0,17.57952108649035,Medium
po-00322,gamma_co,2022-02-28,2022-03-04,electronics,delivered,513,24.91,22.58,29.0,yes,4,12778.83,11583.539999999999,1195.2900000000009,5.653021442495127,1.0,0.0,1,0,2.6959064327485383,Low
po-00323,delta_logistics,2022-02-21,2022-03-04,mro,delivered,1422,83.73,76.47,198.0,yes,11,119064.06000000001,108740.34,10323.720000000016,13.924050632911392,1.0,0.0,1,0,6.927215189873418,Low
po-00324,alpha_inc,2023-08-22,2023-09-03,office supplies,delivered,1844,76.51,73.05,0.0,yes,12,141084.44,134704.19999999998,6380.24000000002,0.0,1.0,0.0,1,0,3.0,Low
po-00325,gamma_co,2023-05-04,2022-02-13,electronics,delivered,709,61.64,54.55,41.0,yes,-445,43702.76,38675.95,5026.810000000005,5.782792665726375,1.0,0.0,1,0,-109.51516220028209,
po-00326,delta_logistics,2023-05-30,2023-06-15,mro,delivered,813,45.68,41.78,0.0,no,16,37137.84,33967.14,3170.699999999997,0.0,1.0,0.0,0,100,24.0,Medium
po-00327,delta_logistics,2023-06-28,2023-07-01,office supplies,delivered,1004,96.51,92.9,146.0,no,3,96896.04000000001,93271.6,3624.4400000000023,14.54183266932271,1.0,0.0,0,100,25.112549800796813,High
po-00328,epsilon_group,2022-06-11,2022-06-15,raw materials,delivered,452,46.45,40.39,9.0,yes,4,20995.4,18256.28,2739.1200000000026,1.991150442477876,1.0,0.0,1,0,1.5973451327433628,Low
po-00329,beta_supplies,2022-02-28,2022-03-12,raw materials,pending,1419,83.91,71.46,137.0,yes,12,119068.29,101401.73999999999,17666.550000000003,9.654686398872446,0.3,70.0,1,0,23.39640591966173,Medium
po-00330,beta_supplies,2023-06-05,2023-06-23,packaging,delivered,1584,53.73,51.92,167.0,no,18,85108.31999999999,82241.28,2867.0399999999936,10.542929292929292,1.0,0.0,0,100,27.66287878787879,High
po-00331,gamma_co,2022-03-24,2022-04-11,mro,pending,196,44.36,43.81,6.0,yes,18,8694.56,8586.76,107.79999999999927,3.061224489795918,0.3,70.0,1,0,22.918367346938776,Medium
po-00332,alpha_inc,2022-07-10,2022-07-14,office supplies,delivered,1221,53.19,46.18,29.0,yes,4,64944.99,56385.78,8559.21,2.375102375102375,1.0,0.0,1,0,1.7125307125307123,Low
po-00333,alpha_inc,2022-03-12,2022-03-26,packaging,delivered,913,37.5,36.2,0.0,yes,14,34237.5,33050.600000000006,1186.8999999999942,0.0,1.0,0.0,1,0,3.5,Low
po-00334,alpha_inc,2023-09-02,2023-09-04,packaging,delivered,1784,85.01,76.69,37.0,yes,2,151657.84,136814.96,14842.880000000005,2.0739910313901344,1.0,0.0,1,0,1.1221973094170403,Low
po-00335,delta_logistics,2022-03-11,2022-02-13,raw materials,delivered,1893,55.8,52.35,0.0,yes,-26,105629.4,99098.55,6530.849999999991,0.0,1.0,0.0,1,0,-6.5,
po-00336,delta_logistics,2023-11-23,2023-12-05,electronics,pending,538,34.3,32.25,84.0,no,12,18453.399999999998,17350.5,1102.8999999999978,15.613382899628252,0.3,70.0,0,100,45.18401486988847,High
po-00337,delta_logistics,2022-08-29,2022-09-15,office supplies,pending,978,94.15,87.7,149.0,no,17,92078.70000000001,85770.6,6308.100000000006,15.235173824130879,0.3,70.0,0,100,46.32055214723926,High
po-00338,epsilon_group,2023-02-18,2023-03-06,raw materials,cancelled,1713,47.45,42.05,53.0,yes,16,81281.85,72031.65,9250.200000000012,3.0939871570344426,0.0,100.0,1,0,29.928196147110334,High
po-00339,delta_logistics,2022-05-03,2022-05-07,raw materials,pending,600,60.1,57.92,95.0,no,4,36060.0,34752.0,1308.0,15.833333333333332,0.3,70.0,0,100,43.25,High
po-00340,alpha_inc,2023-08-07,2023-08-25,electronics,pending,387,100.28,85.54,5.0,yes,18,38808.36,33103.98,5704.379999999997,1.2919896640826873,0.3,70.0,1,0,22.387596899224807,Medium
po-00341,alpha_inc,2022-09-10,2022-09-19,mro,pending,921,68.83,59.13,22.0,yes,9,63392.43,54458.73,8933.699999999997,2.3887079261672097,0.3,70.0,1,0,20.46661237785016,Medium
po-00342,beta_supplies,2023-08-16,2023-08-30,mro,delivered,690,22.47,21.94,77.0,yes,14,15504.3,15138.6,365.6999999999989,11.159420289855072,1.0,0.0,1,0,6.8478260869565215,Low
po-00343,alpha_inc,2023-09-01,2023-09-21,office supplies,cancelled,1852,104.04,94.89,36.0,yes,20,192682.08000000002,175736.28,16945.800000000017,1.9438444924406046,0.0,100.0,1,0,30.583153347732182,High
po-00344,delta_logistics,2022-02-10,2022-02-28,electronics,delivered,522,66.83,58.01,74.0,yes,18,34885.26,30281.219999999998,4604.0400000000045,14.17624521072797,1.0,0.0,1,0,8.75287356321839,Low
po-00345,delta_logistics,2023-09-27,2023-10-06,electronics,delivered,200,44.16,43.13,21.0,yes,9,8832.0,8626.0,206.0,10.5,1.0,0.0,1,0,5.4,Low
po-00346,gamma_co,2022-03-25,2022-04-03,packaging,delivered,1488,22.76,21.99,0.0,yes,9,33866.880000000005,32721.12,1145.7600000000057,0.0,1.0,0.0,1,0,2.25,Low
po-00347,epsilon_group,2023-03-06,2023-03-16,electronics,delivered,1371,87.16,78.13,43.0,yes,10,119496.36,107116.23,12380.130000000005,3.1363967906637495,1.0,0.0,1,0,3.4409190371991247,Low
po-00348,alpha_inc,2023-11-05,2022-02-13,office supplies,delivered,1684,73.05,62.53,0.0,yes,-630,123016.2,105300.52,17715.679999999993,0.0,1.0,0.0,1,0,-157.5,
po-00349,epsilon_group,2023-08-21,2023-08-27,electronics,delivered,312,63.52,58.09,0.0,yes,6,19818.24,18124.08,1694.1599999999999,0.0,1.0,0.0,1,0,1.5,Low
po-00350,alpha_inc,2023-08-02,2023-08-21,packaging,cancelled,1837,99.04,86.51,39.0,yes,19,181936.48,158918.87,23017.610000000015,2.1230266739248775,0.0,100.0,1,0,30.386908002177464,High
po-00351,beta_supplies,2023-06-20,2023-06-23,mro,delivered,193,87.86,81.74,21.0,yes,3,16956.98,15775.82,1181.1599999999999,10.880829015544041,1.0,0.0,1,0,4.014248704663212,Low
po-00352,beta_supplies,2022-11-20,2022-11-21,electronics,delivered,395,24.83,23.96,31.0,yes,1,9807.849999999999,9464.2,343.6499999999978,7.848101265822785,1.0,0.0,1,0,2.6044303797468356,Low
po-00353,epsilon_group,2022-09-25,2022-10-12,electronics,cancelled,673,39.58,35.83,25.0,yes,17,26637.34,24113.59,2523.75,3.7147102526002973,0.0,100.0,1,0,30.36441307578009,High
po-00354,delta_logistics,2022-07-29,2022-08-12,office supplies,cancelled,1066,33.33,28.47,162.0,no,14,35529.78,30349.02,5180.759999999998,15.196998123827393,0.0,100.0,0,100,53.05909943714822,High
po-00355,gamma_co,2023-11-17,2023-11-23,packaging,delivered,1645,85.42,80.78,73.0,no,6,140515.9,132883.1,7632.799999999988,4.437689969604863,1.0,0.0,0,100,22.83130699088146,Medium
po-00356,alpha_inc,2022-11-18,2022-11-29,electronics,delivered,930,13.67,11.95,16.0,yes,11,12713.1,11113.5,1599.6000000000004,1.7204301075268817,1.0,0.0,1,0,3.2661290322580645,Low
po-00357,alpha_inc,2022-09-02,2022-09-21,office supplies,delivered,51,63.74,56.1,0.0,yes,19,3250.7400000000002,2861.1,389.6400000000003,0.0,1.0,0.0,1,0,4.75,Low
po-00358,gamma_co,2022-09-29,2022-10-01,packaging,delivered,946,81.77,71.65,55.0,yes,2,77354.42,67780.90000000001,9573.51999999999,5.813953488372093,1.0,0.0,1,0,2.2441860465116275,Low
po-00359,epsilon_group,2023-02-10,2023-03-02,raw materials,partially delivered,1377,94.69,84.2,0.0,yes,20,130388.12999999999,115943.40000000001,14444.729999999981,0.0,0.5,50.0,1,0,17.5,Medium
po-00360,epsilon_group,2022-05-15,2022-05-18,packaging,cancelled,303,41.6,40.51,11.0,yes,3,12604.800000000001,12274.529999999999,330.27000000000226,3.6303630363036308,0.0,100.0,1,0,26.83910891089109,High
po-00361,alpha_inc,2023-11-19,2023-12-03,raw materials,delivered,1725,93.14,79.62,24.0,yes,14,160666.5,137344.5,23322.0,1.391304347826087,1.0,0.0,1,0,3.917391304347826,Low
po-00362,beta_supplies,2023-10-23,2023-11-07,raw materials,cancelled,502,22.05,20.65,50.0,no,15,11069.1,10366.3,702.8000000000011,9.9601593625498,0.0,100.0,0,100,51.73804780876494,High
po-00363,gamma_co,2022-11-04,2022-11-11,packaging,delivered,1110,90.49,80.03,61.0,yes,7,100443.9,88833.3,11610.599999999991,5.495495495495495,1.0,0.0,1,0,3.3986486486486482,Low
po-00364,alpha_inc,2023-04-14,2023-04-18,packaging,delivered,1233,23.08,20.57,0.0,yes,4,28457.64,25362.81,3094.829999999998,0.0,1.0,0.0,1,0,1.0,Low
po-00365,beta_supplies,2022-11-20,2022-11-24,office supplies,delivered,1064,48.04,43.6,94.0,yes,4,51114.56,46390.4,4724.159999999996,8.834586466165414,1.0,0.0,1,0,3.650375939849624,Low
po-00366,epsilon_group,2022-03-16,2022-04-04,packaging,partially delivered,58,82.57,76.55,0.0,yes,19,4789.0599999999995,4439.9,349.15999999999985,0.0,0.5,50.0,1,0,17.25,Medium
po-00367,beta_supplies,2022-01-10,2022-01-20,mro,delivered,1306,23.49,20.17,116.0,no,10,30677.94,26342.02,4335.919999999998,8.88208269525268,1.0,0.0,0,100,25.1646248085758,High
po-00368,delta_logistics,2023-04-15,2023-04-28,electronics,delivered,1172,32.93,29.28,0.0,no,13,38593.96,34316.16,4277.799999999996,0.0,1.0,0.0,0,100,23.25,Medium
po-00369,alpha_inc,2023-09-29,2022-02-13,packaging,delivered,1732,82.5,71.71,24.0,yes,-593,142890.0,124201.71999999999,18688.280000000013,1.3856812933025404,1.0,0.0,1,0,-147.83429561200924,
po-00370,gamma_co,2023-07-31,2023-08-07,raw materials,delivered,865,81.54,71.59,39.0,yes,7,70532.1,61925.350000000006,8606.75,4.508670520231214,1.0,0.0,1,0,3.1026011560693645,Low
po-00371,beta_supplies,2022-04-13,2022-04-20,raw materials,delivered,257,68.72,66.92,22.0,yes,7,17661.04,17198.44,462.6000000000022,8.560311284046692,1.0,0.0,1,0,4.3180933852140075,Low
po-00372,epsilon_group,2022-03-17,2022-03-26,packaging,delivered,1204,73.18,67.59,31.0,yes,9,88108.72,81378.36,6730.360000000001,2.574750830564784,1.0,0.0,1,0,3.022425249169435,Low
po-00373,beta_supplies,2023-07-05,2023-07-09,electronics,partially delivered,453,64.14,60.18,51.0,yes,4,29055.420000000002,27261.54,1793.880000000001,11.258278145695364,0.5,50.0,1,0,16.87748344370861,Medium
po-00374,epsilon_group,2022-08-07,2022-08-21,electronics,delivered,201,33.81,32.54,3.0,yes,14,6795.81,6540.54,255.27000000000044,1.4925373134328357,1.0,0.0,1,0,3.9477611940298507,Low
po-00375,delta_logistics,2023-06-03,2023-06-16,office supplies,delivered,103,44.61,42.88,10.0,yes,13,4594.83,4416.64,178.1899999999996,9.70873786407767,1.0,0.0,1,0,6.162621359223301,Low
po-00376,epsilon_group,2022-09-29,2022-10-07,office supplies,delivered,1193,27.4,27.09,0.0,yes,8,32688.199999999997,32318.37,369.8299999999981,0.0,1.0,0.0,1,0,2.0,Low
po-00377,gamma_co,2022-05-16,2022-05-28,office supplies,partially delivered,1746,93.6,89.81,85.0,yes,12,163425.59999999998,156808.26,6617.339999999967,4.868270332187858,0.5,50.0,1,0,16.960481099656356,Medium
po-00378,delta_logistics,2022-12-24,2022-12-26,electronics,delivered,1993,65.94,59.36,0.0,yes,2,131418.41999999998,118304.48,13113.939999999988,0.0,1.0,0.0,1,0,0.5,Low
po-00379,beta_supplies,2022-03-12,2022-03-27,raw materials,delivered,677,46.54,43.11,0.0,no,15,31507.579999999998,29185.47,2322.109999999997,0.0,1.0,0.0,0,100,23.75,Medium
po-00380,alpha_inc,2022-09-08,2022-02-13,office supplies,pending,636,53.64,49.23,18.0,yes,-207,34115.04,31310.28,2804.760000000002,2.8301886792452833,0.3,70.0,1,0,-33.40094339622642,
po-00381,epsilon_group,2023-01-14,2023-02-02,packaging,delivered,1698,100.97,98.73,52.0,yes,19,171447.06,167643.54,3803.5199999999895,3.0624263839811543,1.0,0.0,1,0,5.668727915194347,Low
po-00382,gamma_co,2022-10-19,2022-11-01,office supplies,delivered,1493,24.87,22.89,56.0,yes,13,37130.91,34174.770000000004,2956.1399999999994,3.750837240455459,1.0,0.0,1,0,4.375251172136638,Low
po-00383,alpha_inc,2022-06-11,2022-06-25,packaging,delivered,1495,64.33,58.18,26.0,yes,14,96173.34999999999,86979.1,9194.249999999985,1.7391304347826086,1.0,0.0,1,0,4.021739130434782,Low
po-00384,alpha_inc,2023-03-25,2023-04-07,packaging,cancelled,153,59.42,52.0,3.0,yes,13,9091.26,7956.0,1135.2600000000002,1.9607843137254901,0.0,100.0,1,0,28.838235294117645,High
po-00385,delta_logistics,2023-07-11,2023-07-22,raw materials,cancelled,1925,70.88,63.41,292.0,yes,11,136444.0,122064.25,14379.75,15.168831168831169,0.0,100.0,1,0,32.30064935064935,High
po-00386,beta_supplies,2023-12-22,2024-01-11,packaging,delivered,303,12.97,11.42,0.0,no,20,3929.9100000000003,3460.2599999999998,469.65000000000055,0.0,1.0,0.0,0,100,25.0,Medium
po-00387,alpha_inc,2022-11-06,2022-11-18,office supplies,delivered,1300,92.92,90.63,0.0,yes,12,120796.0,117819.0,2977.0,0.0,1.0,0.0,1,0,3.0,Low
po-00388,gamma_co,2023-09-19,2023-09-23,raw materials,delivered,1185,103.28,99.05,0.0,yes,4,122386.8,117374.25,5012.550000000003,0.0,1.0,0.0,1,0,1.0,Low
po-00389,epsilon_group,2023-11-01,2023-11-20,raw materials,delivered,559,67.56,57.98,15.0,yes,19,37766.04,32410.82,5355.220000000001,2.6833631484794274,1.0,0.0,1,0,5.555008944543828,Low
po-00390,epsilon_group,2023-06-26,2023-06-29,electronics,pending,1546,78.88,78.0,38.0,yes,3,121948.48,120588.0,1360.479999999996,2.457956015523933,0.3,70.0,1,0,18.98738680465718,Medium
po-00391,epsilon_group,2022-01-09,2022-01-19,packaging,delivered,148,93.02,85.96,4.0,yes,10,13766.96,12722.08,1044.8799999999992,2.7027027027027026,1.0,0.0,1,0,3.3108108108108105,Low
po-00392,delta_logistics,2023-11-15,2023-11-23,office supplies,delivered,202,81.75,78.26,37.0,no,8,16513.5,15808.52,704.9799999999996,18.316831683168317,1.0,0.0,0,100,27.495049504950494,High
po-00393,gamma_co,2023-07-22,2023-07-28,packaging,delivered,1934,25.86,25.6,78.0,yes,6,50013.24,49510.4,502.8399999999965,4.033092037228542,1.0,0.0,1,0,2.7099276111685624,Low
po-00394,alpha_inc,2022-11-03,2022-11-07,office supplies,delivered,963,64.96,64.07,20.0,yes,4,62556.479999999996,61699.409999999996,857.0699999999997,2.0768431983385254,1.0,0.0,1,0,1.6230529595015577,Low
po-00395,gamma_co,2023-11-11,2023-11-18,mro,delivered,1969,71.71,61.96,0.0,yes,7,141196.99,121999.24,19197.749999999985,0.0,1.0,0.0,1,0,1.75,Low
po-00396,delta_logistics,2022-04-17,2022-02-13,electronics,delivered,927,48.89,46.05,138.0,yes,-63,45321.03,42688.35,2632.6800000000003,14.886731391585762,1.0,0.0,1,0,-11.283980582524272,
po-00397,delta_logistics,2022-05-18,2022-05-23,raw materials,cancelled,387,77.81,69.04,67.0,yes,5,30112.47,26718.480000000003,3393.989999999998,17.31266149870801,0.0,100.0,1,0,31.4437984496124,High
po-00398,beta_supplies,2022-09-28,2022-10-03,electronics,delivered,1779,97.86,94.36,176.0,yes,5,174092.94,167866.44,6226.5,9.89319842608207,1.0,0.0,1,0,4.21795952782462,Low
po-00399,gamma_co,2022-04-29,2022-05-05,mro,pending,871,94.7,92.66,46.0,yes,6,82483.7,80706.86,1776.8399999999965,5.281285878300804,0.3,70.0,1,0,20.58438576349024,Medium
po-00400,epsilon_group,2022-04-20,2022-04-23,electronics,delivered,1236,51.33,44.03,25.0,yes,3,63443.88,54421.08,9022.799999999996,2.0226537216828477,1.0,0.0,1,0,1.3567961165048543,Low
po-00401,delta_logistics,2023-07-21,2023-08-06,electronics,delivered,1793,22.01,21.78,285.0,yes,16,39463.93,39051.54,412.3899999999994,15.895147796988288,1.0,0.0,1,0,8.768544339096486,Low
po-00402,delta_logistics,2022-06-09,2022-06-28,mro,delivered,1006,101.1,89.04,139.0,yes,19,101706.59999999999,89574.24,12132.359999999986,13.817097415506957,1.0,0.0,1,0,8.895129224652088,Low
po-00403,beta_supplies,2022-10-06,2022-10-21,electronics,cancelled,1754,89.35,86.54,161.0,no,15,156719.9,151791.16,4928.739999999991,9.179019384264537,0.0,100.0,0,100,51.50370581527936,High
po-00404,epsilon_group,2022-10-16,2022-11-04,electronics,delivered,210,22.17,21.32,10.0,yes,19,4655.700000000001,4477.2,178.5000000000009,4.761904761904762,1.0,0.0,1,0,6.178571428571429,Low
po-00405,delta_logistics,2023-09-12,2023-10-02,mro,delivered,1653,102.16,91.91,217.0,yes,20,168870.47999999998,151927.22999999998,16943.25,13.127646702964308,1.0,0.0,1,0,8.938294010889292,Low
po-00406,alpha_inc,2022-08-04,2022-08-15,mro,partially delivered,850,91.38,88.41,24.0,yes,11,77673.0,75148.5,2524.5,2.823529411764706,0.5,50.0,1,0,16.097058823529412,Medium
po-00407,epsilon_group,2022-12-18,2022-12-21,raw materials,delivered,447,59.81,57.92,13.0,yes,3,26735.07,25890.24,844.8299999999981,2.9082774049217,1.0,0.0,1,0,1.62248322147651,Low
po-00408,gamma_co,2022-07-28,2022-08-07,office supplies,delivered,1350,65.11,56.95,71.0,yes,10,87898.5,76882.5,11016.0,5.2592592592592595,1.0,0.0,1,0,4.0777777777777775,Low
po-00409,beta_supplies,2023-12-05,2023-12-24,office supplies,delivered,865,51.19,47.76,83.0,yes,19,44279.35,41312.4,2966.949999999997,9.595375722543352,1.0,0.0,1,0,7.628612716763005,Low
po-00410,alpha_inc,2023-10-12,2023-10-29,mro,delivered,1989,16.5,15.89,57.0,yes,17,32818.5,31605.210000000003,1213.2899999999972,2.865761689291101,1.0,0.0,1,0,5.10972850678733,Low
po-00411,alpha_inc,2022-09-28,2022-10-13,office supplies,delivered,1577,41.77,39.58,32.0,yes,15,65871.29000000001,62417.659999999996,3453.630000000012,2.029169308814204,1.0,0.0,1,0,4.358750792644261,Low
po-00412,gamma_co,2023-06-02,2023-06-04,packaging,pending,1969,89.25,87.28,108.0,no,2,175733.25,171854.32,3878.929999999993,5.485017775520569,0.3,70.0,0,100,39.64550533265617,High
po-00413,beta_supplies,2023-05-16,2023-05-26,packaging,partially delivered,1465,11.25,9.61,151.0,yes,10,16481.25,14078.65,2402.6000000000004,10.30716723549488,0.5,50.0,1,0,18.092150170648466,Medium
po-00414,delta_logistics,2022-09-15,2022-09-18,packaging,pending,1208,41.62,39.46,0.0,yes,3,50276.96,47667.68,2609.279999999999,0.0,0.3,70.0,1,0,18.25,Medium
po-00415,beta_supplies,2022-02-22,2022-03-11,raw materials,delivered,1268,46.06,45.26,123.0,yes,17,58404.08,57389.68,1014.4000000000015,9.700315457413248,1.0,0.0,1,0,7.160094637223974,Low
po-00416,delta_logistics,2022-04-05,2022-04-24,office supplies,delivered,450,59.24,55.03,68.0,no,19,26658.0,24763.5,1894.5,15.11111111111111,1.0,0.0,0,100,29.28333333333333,High
po-00417,gamma_co,2023-10-12,2023-10-14,electronics,partially delivered,689,102.53,95.23,38.0,yes,2,70643.17,65613.47,5029.699999999997,5.515239477503629,0.5,50.0,1,0,14.654571843251087,Medium
po-00418,gamma_co,2023-03-10,2023-03-29,mro,delivered,1106,44.05,38.6,51.0,yes,19,48719.299999999996,42691.6,6027.699999999997,4.61121157323689,1.0,0.0,1,0,6.133363471971067,Low
po-00419,alpha_inc,2022-10-11,2022-10-22,office supplies,delivered,737,43.08,42.58,21.0,yes,11,31749.96,31381.46,368.5,2.8493894165535956,1.0,0.0,1,0,3.6048168249660786,Low
po-00420,alpha_inc,2022-02-15,2022-03-04,raw materials,delivered,509,76.76,74.72,7.0,no,17,39070.840000000004,38032.479999999996,1038.3600000000079,1.37524557956778,1.0,0.0,0,100,24.662573673870334,Medium
po-00421,alpha_inc,2022-01-04,2022-01-06,electronics,delivered,1004,50.7,46.59,27.0,yes,2,50902.8,46776.36,4126.440000000002,2.689243027888446,1.0,0.0,1,0,1.3067729083665338,Low
po-00422,gamma_co,2022-12-08,2022-12-19,mro,pending,1956,31.88,28.48,86.0,yes,11,62357.28,55706.88,6650.4000000000015,4.396728016359918,0.3,70.0,1,0,21.569018404907975,Medium
po-00423,delta_logistics,2022-05-14,2022-02-13,electronics,delivered,519,51.73,47.52,81.0,no,-90,26847.87,24662.88,2184.989999999998,15.606936416184972,1.0,0.0,0,100,2.182080924855491,Low
po-00424,gamma_co,2023-10-15,2023-10-21,mro,partially delivered,1448,25.06,21.62,84.0,yes,6,36286.88,31305.760000000002,4981.119999999995,5.801104972375691,0.5,50.0,1,0,15.740331491712707,Medium
po-00425,gamma_co,2022-09-26,2022-10-11,packaging,delivered,1095,26.91,23.75,53.0,yes,15,29466.45,26006.25,3460.2000000000007,4.840182648401827,1.0,0.0,1,0,5.2020547945205475,Low
po-00426,alpha_inc,2022-06-15,2022-02-13,mro,delivered,799,56.22,49.51,18.0,yes,-122,44919.78,39558.49,5361.290000000001,2.252816020025031,1.0,0.0,1,0,-29.82415519399249,
po-00427,beta_supplies,2023-03-29,2023-04-18,mro,partially delivered,1743,51.04,47.15,160.0,yes,20,88962.72,82182.45,6780.270000000004,9.179575444635686,0.5,50.0,1,0,20.253872633390706,Medium
po-00428,alpha_inc,2023-07-19,2023-07-31,raw materials,delivered,87,100.65,85.56,1.0,yes,12,8756.550000000001,7443.72,1312.8300000000008,1.1494252873563218,1.0,0.0,1,0,3.3448275862068964,Low
po-00429,beta_supplies,2023-12-24,2022-02-13,raw materials,delivered,279,47.52,46.5,28.0,no,-679,13258.080000000002,12973.5,284.58000000000175,10.03584229390681,1.0,0.0,0,100,-146.73924731182797,
po-00430,delta_logistics,2023-03-14,2023-03-25,raw materials,delivered,1438,66.61,58.5,237.0,yes,11,95785.18,84123.0,11662.179999999993,16.481223922114047,1.0,0.0,1,0,7.694367176634214,Low
po-00431,delta_logistics,2023-07-29,2023-07-31,office supplies,partially delivered,612,72.93,63.32,99.0,yes,2,44633.16,38751.840000000004,5881.32,16.176470588235293,0.5,50.0,1,0,17.852941176470587,Medium
po-00432,epsilon_group,2022-01-10,2022-01-21,packaging,pending,487,11.18,10.63,15.0,yes,11,5444.66,5176.81,267.84999999999945,3.0800821355236137,0.3,70.0,1,0,21.174024640657084,Medium
po-00433,epsilon_group,2022-04-25,2022-04-29,packaging,partially delivered,1849,70.76,69.25,51.0,yes,4,130835.24,128043.25,2791.9900000000052,2.758247701460249,0.5,50.0,1,0,14.327474310438074,Medium
po-00434,epsilon_group,2022-03-19,2022-04-01,mro,partially delivered,1356,26.28,25.44,47.0,yes,13,35635.68,34496.64,1139.0400000000009,3.466076696165192,0.5,50.0,1,0,16.78982300884956,Medium
po-00435,delta_logistics,2023-12-09,2023-12-29,raw materials,delivered,76,107.59,96.33,10.0,yes,20,8176.84,7321.08,855.7600000000002,13.157894736842104,1.0,0.0,1,0,8.94736842105263,Low
po-00436,alpha_inc,2022-06-02,2022-06-13,packaging,partially delivered,275,23.96,20.44,0.0,yes,11,6589.0,5621.0,968.0,0.0,0.5,50.0,1,0,15.25,Medium
po-00437,alpha_inc,2023-07-13,2023-07-18,packaging,delivered,1350,51.57,48.07,0.0,yes,5,69619.5,64894.5,4725.0,0.0,1.0,0.0,1,0,1.25,Low
po-00438,alpha_inc,2022-02-06,2022-02-13,mro,delivered,847,17.77,17.39,0.0,yes,7,15051.19,14729.33,321.8600000000006,0.0,1.0,0.0,1,0,1.75,Low
po-00439,gamma_co,2023-01-14,2023-01-27,mro,delivered,1682,105.7,101.3,94.0,yes,13,177787.4,170386.6,7400.799999999988,5.58858501783591,1.0,0.0,1,0,4.9265755053507725,Low
po-00440,epsilon_group,2023-08-20,2023-08-23,electronics,delivered,333,60.44,58.54,8.0,yes,3,20126.52,19493.82,632.7000000000007,2.4024024024024024,1.0,0.0,1,0,1.4707207207207207,Low
po-00441,alpha_inc,2023-07-20,2023-08-02,electronics,cancelled,928,69.31,67.26,20.0,yes,13,64319.68,62417.280000000006,1902.3999999999942,2.1551724137931036,0.0,100.0,1,0,28.896551724137932,High
po-00442,epsilon_group,2022-06-01,2022-06-12,mro,partially delivered,1009,16.44,16.18,0.0,yes,11,16587.960000000003,16325.619999999999,262.3400000000038,0.0,0.5,50.0,1,0,15.25,Medium
po-00443,epsilon_group,2023-03-17,2023-04-03,electronics,pending,1554,82.92,74.82,44.0,yes,17,128857.68000000001,116270.27999999998,12587.400000000023,2.8314028314028317,0.3,70.0,1,0,22.59942084942085,Medium
po-00444,gamma_co,2022-05-11,2022-05-25,packaging,partially delivered,502,29.47,28.94,27.0,yes,14,14793.939999999999,14527.880000000001,266.0599999999977,5.378486055776892,0.5,50.0,1,0,17.613545816733065,Medium
po-00445,delta_logistics,2022-02-12,2022-02-13,mro,delivered,1069,91.28,82.64,0.0,yes,1,97578.32,88342.16,9236.160000000003,0.0,1.0,0.0,1,0,0.25,Low
po-00446,alpha_inc,2022-11-12,2022-11-18,mro,pending,1902,29.89,25.83,41.0,yes,6,56850.78,49128.659999999996,7722.120000000003,2.155625657202944,0.3,70.0,1,0,19.646687697160882,Medium
po-00447,gamma_co,2023-01-09,2022-02-13,raw materials,pending,865,28.79,25.69,47.0,yes,-330,24903.35,22221.850000000002,2681.4999999999964,5.433526011560693,0.3,70.0,1,0,-63.369942196531795,
po-00448,delta_logistics,2022-02-10,2022-02-26,packaging,partially delivered,708,13.36,11.61,0.0,no,16,9458.88,8219.88,1239.0,0.0,0.5,50.0,0,100,36.5,High
po-00449,delta_logistics,2023-01-02,2023-01-07,packaging,delivered,1589,55.64,48.52,0.0,yes,5,88411.96,77098.28,11313.680000000008,0.0,1.0,0.0,1,0,1.25,Low
po-00450,alpha_inc,2022-08-04,2022-08-14,office supplies,delivered,596,62.96,61.88,9.0,yes,10,37524.16,36880.48,643.6800000000003,1.5100671140939599,1.0,0.0,1,0,2.953020134228188,Low
po-00451,epsilon_group,2023-11-30,2023-12-04,office supplies,delivered,1265,17.66,16.97,34.0,yes,4,22339.9,21467.05,872.8500000000022,2.6877470355731226,1.0,0.0,1,0,1.8063241106719368,Low
po-00452,beta_supplies,2022-09-13,2022-10-01,raw materials,delivered,1122,82.99,81.7,118.0,no,18,93114.78,91667.40000000001,1447.37999999999,10.51693404634581,1.0,0.0,0,100,27.655080213903744,High
po-00453,epsilon_group,2023-11-14,2023-12-01,office supplies,delivered,1585,56.38,53.05,0.0,yes,17,89362.3,84084.25,5278.050000000003,0.0,1.0,0.0,1,0,4.25,Low
po-00454,epsilon_group,2022-04-16,2022-04-27,electronics,delivered,66,58.05,50.76,0.0,yes,11,3831.2999999999997,3350.16,481.1399999999999,0.0,1.0,0.0,1,0,2.75,Low
po-00455,beta_supplies,2022-12-29,2023-01-18,mro,delivered,1245,52.4,51.65,118.0,no,20,65238.0,64304.25,933.75,9.477911646586346,1.0,0.0,0,100,27.843373493975903,High
po-00456,delta_logistics,2023-07-28,2023-08-10,electronics,delivered,1293,50.21,47.55,0.0,no,13,64921.53,61482.149999999994,3439.3800000000047,0.0,1.0,0.0,0,100,23.25,Medium
po-00457,beta_supplies,2023-02-21,2023-02-27,packaging,delivered,207,64.29,63.01,25.0,yes,6,13308.03,13043.07,264.96000000000095,12.077294685990339,1.0,0.0,1,0,5.1231884057971016,Low
po-00458,beta_supplies,2023-09-28,2023-10-18,office supplies,delivered,526,26.37,25.32,47.0,yes,20,13870.62,13318.32,552.3000000000011,8.935361216730039,1.0,0.0,1,0,7.680608365019012,Low
po-00459,gamma_co,2022-06-08,2022-06-14,electronics,delivered,1119,27.03,23.82,0.0,yes,6,30246.57,26654.58,3591.989999999998,0.0,1.0,0.0,1,0,1.5,Low
po-00460,gamma_co,2022-08-31,2022-09-02,packaging,delivered,1446,90.63,84.51,77.0,yes,2,131050.98,122201.46,8849.51999999999,5.325034578146611,1.0,0.0,1,0,2.097510373443983,Low
po-00461,gamma_co,2022-06-16,2022-06-24,office supplies,delivered,567,97.53,85.29,21.0,yes,8,55299.51,48359.43,6940.080000000002,3.7037037037037033,1.0,0.0,1,0,3.1111111111111107,Low
po-00462,delta_logistics,2022-07-01,2022-02-13,mro,delivered,148,44.91,40.1,0.0,no,-138,6646.679999999999,5934.8,711.8799999999992,0.0,1.0,0.0,0,100,-14.5,
po-00463,beta_supplies,2023-02-27,2023-03-14,mro,pending,1965,36.6,34.64,195.0,yes,15,71919.0,68067.6,3851.399999999994,9.923664122137405,0.3,70.0,1,0,24.227099236641223,Medium
po-00464,alpha_inc,2022-01-26,2022-02-03,office supplies,pending,1818,67.96,58.98,0.0,yes,8,123551.27999999998,107225.64,16325.639999999985,0.0,0.3,70.0,1,0,19.5,Medium
po-00465,beta_supplies,2022-07-03,2022-07-19,mro,delivered,1110,48.19,45.88,112.0,yes,16,53490.899999999994,50926.8,2564.0999999999913,10.09009009009009,1.0,0.0,1,0,7.027027027027026,Low
po-00466,delta_logistics,2022-12-07,2022-02-13,raw materials,delivered,329,12.96,12.74,48.0,yes,-297,4263.84,4191.46,72.38000000000011,14.58966565349544,1.0,0.0,1,0,-69.87310030395136,
po-00467,gamma_co,2023-02-26,2023-03-17,office supplies,cancelled,1422,25.62,25.18,65.0,yes,19,36431.64,35805.96,625.6800000000003,4.571026722925457,0.0,100.0,1,0,31.121308016877638,High
po-00468,delta_logistics,2023-11-17,2022-02-13,raw materials,delivered,546,82.63,74.77,76.0,no,-642,45115.979999999996,40824.42,4291.559999999998,13.91941391941392,1.0,0.0,0,100,-136.32417582417582,
po-00469,gamma_co,2022-09-12,2022-09-22,office supplies,partially delivered,351,72.08,71.3,20.0,yes,10,25300.079999999998,25026.3,273.77999999999884,5.698005698005698,0.5,50.0,1,0,16.70940170940171,Medium
po-00470,delta_logistics,2022-10-01,2022-10-18,raw materials,partially delivered,230,13.0,12.81,0.0,no,17,2990.0,2946.3,43.69999999999982,0.0,0.5,50.0,0,100,36.75,High
po-00471,alpha_inc,2022-06-13,2022-06-19,mro,delivered,656,30.73,26.26,17.0,yes,6,20158.88,17226.56,2932.3199999999997,2.591463414634146,1.0,0.0,1,0,2.277439024390244,Low
po-00472,gamma_co,2023-12-20,2024-01-09,mro,delivered,1172,34.34,32.09,69.0,yes,20,40246.48,37609.48,2637.0,5.887372013651877,1.0,0.0,1,0,6.766211604095563,Low
po-00473,gamma_co,2022-04-21,2022-04-30,electronics,delivered,749,71.53,70.02,41.0,yes,9,53575.97,52444.979999999996,1130.9900000000052,5.473965287049399,1.0,0.0,1,0,3.89218958611482,Low
po-00474,beta_supplies,2023-01-27,2023-02-12,packaging,delivered,1042,12.48,12.3,88.0,yes,16,13004.16,12816.6,187.5599999999995,8.445297504798464,1.0,0.0,1,0,6.533589251439539,Low
po-00475,delta_logistics,2022-02-09,2022-02-27,raw materials,delivered,1189,19.47,17.15,0.0,no,18,23149.829999999998,20391.35,2758.4799999999996,0.0,1.0,0.0,0,100,24.5,Medium
po-00476,epsilon_group,2023-04-27,2022-02-13,office supplies,delivered,240,88.14,81.9,4.0,yes,-438,21153.6,19656.0,1497.5999999999985,1.6666666666666667,1.0,0.0,1,0,-109.0,
po-00477,epsilon_group,2022-08-16,2022-09-02,mro,delivered,302,26.98,26.47,9.0,yes,17,8147.96,7993.94,154.02000000000044,2.980132450331126,1.0,0.0,1,0,5.144039735099338,Low
po-00478,beta_supplies,2022-07-24,2022-08-03,mro,pending,1030,70.81,61.58,0.0,no,10,72934.3,63427.4,9506.900000000001,0.0,0.3,70.0,0,100,40.0,High
po-00479,delta_logistics,2023-04-17,2023-04-23,office supplies,delivered,977,33.79,32.25,137.0,yes,6,33012.83,31508.25,1504.5800000000017,14.022517911975434,1.0,0.0,1,0,5.70675537359263,Low
po-00480,alpha_inc,2022-12-25,2023-01-11,packaging,delivered,1234,19.99,17.66,25.0,yes,17,24667.66,21792.44,2875.220000000001,2.025931928687196,1.0,0.0,1,0,4.857779578606158,Low
po-00481,beta_supplies,2022-11-09,2022-11-23,office supplies,delivered,1329,33.48,33.06,146.0,yes,14,44494.92,43936.740000000005,558.179999999993,10.985703536493604,1.0,0.0,1,0,6.795711060948081,Low
po-00482,gamma_co,2022-08-22,2022-08-30,raw materials,delivered,1396,77.63,67.81,58.0,yes,8,108371.48,94662.76000000001,13708.719999999987,4.154727793696275,1.0,0.0,1,0,3.2464183381088825,Low
po-00483,alpha_inc,2022-08-17,2022-08-29,raw materials,delivered,177,90.06,87.71,7.0,yes,12,15940.62,15524.669999999998,415.95000000000255,3.954802259887006,1.0,0.0,1,0,4.186440677966102,Low
po-00484,delta_logistics,2022-01-25,2022-02-13,electronics,delivered,67,84.72,73.06,9.0,yes,19,5676.24,4895.02,781.2199999999993,13.432835820895523,1.0,0.0,1,0,8.779850746268657,Low
po-00485,gamma_co,2023-11-07,2023-11-20,office supplies,delivered,1866,50.78,48.2,96.0,yes,13,94755.48,89941.20000000001,4814.279999999984,5.144694533762058,1.0,0.0,1,0,4.793408360128617,Low
po-00486,epsilon_group,2022-07-17,2022-07-25,mro,delivered,1808,72.23,67.86,53.0,yes,8,130591.84000000001,122690.88,7900.960000000006,2.9314159292035398,1.0,0.0,1,0,2.879424778761062,Low
po-00487,delta_logistics,2023-02-13,2023-02-16,electronics,cancelled,615,30.3,29.52,96.0,yes,3,18634.5,18154.8,479.7000000000007,15.609756097560975,0.0,100.0,1,0,30.432926829268293,High
po-00488,gamma_co,2022-12-03,2022-12-04,office supplies,pending,619,38.38,35.02,34.0,yes,1,23757.22,21677.38,2079.84,5.492730210016155,0.3,70.0,1,0,19.397819063004846,Medium
po-00489,delta_logistics,2022-10-13,2022-10-17,office supplies,delivered,1396,94.75,84.06,210.0,yes,4,132271.0,117347.76000000001,14923.23999999999,15.04297994269341,1.0,0.0,1,0,5.512893982808023,Low
po-00490,gamma_co,2022-03-13,2022-03-24,mro,delivered,1945,11.28,9.98,94.0,yes,11,21939.6,19411.100000000002,2528.4999999999964,4.832904884318766,1.0,0.0,1,0,4.1998714652956295,Low
po-00491,delta_logistics,2022-10-13,2022-10-18,packaging,delivered,735,18.49,15.89,113.0,no,5,13590.15,11679.15,1911.0,15.374149659863946,1.0,0.0,0,100,25.862244897959183,High
po-00492,epsilon_group,2022-12-26,2023-01-11,office supplies,pending,1865,30.29,26.83,56.0,yes,16,56490.85,50037.95,6452.9000000000015,3.0026809651474533,0.3,70.0,1,0,22.400804289544237,Medium
po-00493,beta_supplies,2023-10-19,2023-10-24,electronics,cancelled,675,13.69,11.84,52.0,yes,5,9240.75,7992.0,1248.75,7.703703703703704,0.0,100.0,1,0,28.56111111111111,High
po-00494,gamma_co,2023-06-06,2023-06-22,mro,pending,1361,28.57,24.29,65.0,yes,16,38883.77,33058.69,5825.0799999999945,4.775900073475386,0.3,70.0,1,0,22.932770022042614,Medium
po-00495,gamma_co,2023-02-14,2023-02-15,raw materials,delivered,903,66.53,60.15,29.0,yes,1,60076.590000000004,54315.45,5761.140000000007,3.211517165005537,1.0,0.0,1,0,1.213455149501661,Low
po-00496,epsilon_group,2023-11-27,2022-02-13,packaging,cancelled,1736,53.2,50.68,48.0,yes,-652,92355.20000000001,87980.48,4374.720000000016,2.7649769585253456,0.0,100.0,1,0,-137.1705069124424,
po-00497,beta_supplies,2023-07-04,2023-07-11,mro,delivered,1011,98.47,97.06,91.0,yes,7,99553.17,98127.66,1425.5099999999948,9.000989119683481,1.0,0.0,1,0,4.450296735905044,Low
po-00498,delta_logistics,2022-12-06,2022-12-24,electronics,delivered,1712,88.17,85.86,246.0,yes,18,150947.04,146992.32,3954.720000000001,14.369158878504674,1.0,0.0,1,0,8.810747663551403,Low
po-00499,gamma_co,2022-01-29,2022-02-13,office supplies,delivered,204,40.76,37.46,10.0,yes,15,8315.039999999999,7641.84,673.1999999999989,4.901960784313726,1.0,0.0,1,0,5.220588235294118,Low
po-00500,beta_supplies,2022-04-29,2022-05-13,electronics,partially delivered,539,33.85,30.57,34.0,no,14,18245.15,16477.23,1767.920000000002,6.307977736549166,0.5,50.0,0,100,37.89239332096475,High
po-00501,delta_logistics,2022-09-25,2022-10-05,office supplies,delivered,1459,45.94,42.56,212.0,no,10,67026.45999999999,62095.04,4931.419999999991,14.530500342700481,1.0,0.0,0,100,26.859150102810144,High
po-00502,gamma_co,2022-07-02,2022-07-06,mro,delivered,834,65.02,56.19,0.0,yes,4,54226.68,46862.46,7364.220000000001,0.0,1.0,0.0,1,0,1.0,Low
po-00503,gamma_co,2023-08-18,2023-09-01,packaging,partially delivered,1177,37.37,34.27,60.0,yes,14,43984.49,40335.79,3648.699999999997,5.097706032285472,0.5,50.0,1,0,17.52931180968564,Medium
po-00504,delta_logistics,2022-09-29,2022-10-19,mro,delivered,1466,68.82,66.82,211.0,yes,20,100890.12,97958.12,2932.0,14.392905866302867,1.0,0.0,1,0,9.31787175989086,Low
po-00505,epsilon_group,2022-02-09,2022-02-13,electronics,delivered,1884,47.08,44.31,54.0,yes,4,88698.72,83480.04000000001,5218.679999999993,2.8662420382165608,1.0,0.0,1,0,1.8598726114649682,Low
po-00506,beta_supplies,2022-04-22,2022-05-08,electronics,delivered,295,60.58,57.32,31.0,yes,16,17871.1,16909.4,961.6999999999971,10.508474576271185,1.0,0.0,1,0,7.1525423728813555,Low
po-00507,gamma_co,2023-09-03,2023-09-04,raw materials,delivered,1249,54.18,47.29,59.0,yes,1,67670.81999999999,59065.21,8605.609999999993,4.723779023218575,1.0,0.0,1,0,1.6671337069655725,Low
po-00508,delta_logistics,2023-03-21,2023-04-09,raw materials,delivered,1112,39.06,33.6,184.0,no,19,43434.72,37363.200000000004,6071.519999999997,16.546762589928058,1.0,0.0,0,100,29.714028776978417,High
po-00509,gamma_co,2022-12-20,2022-12-25,office supplies,delivered,1550,100.61,97.43,66.0,yes,5,155945.5,151016.5,4929.0,4.258064516129032,1.0,0.0,1,0,2.5274193548387096,Low
po-00510,delta_logistics,2022-11-18,2022-11-19,electronics,delivered,1755,82.66,73.67,258.0,no,1,145068.3,129290.85,15777.449999999983,14.700854700854702,1.0,0.0,0,100,24.66025641025641,Medium
po-00511,gamma_co,2023-03-23,2023-03-31,raw materials,delivered,808,24.19,21.64,39.0,yes,8,19545.52,17485.12,2060.4000000000015,4.826732673267327,1.0,0.0,1,0,3.448019801980198,Low
po-00512,alpha_inc,2023-09-13,2023-09-19,raw materials,partially delivered,587,96.98,95.35,14.0,yes,6,56927.26,55970.45,956.810000000005,2.385008517887564,0.5,50.0,1,0,14.71550255536627,Medium
po-00513,epsilon_group,2023-06-08,2023-06-11,mro,delivered,1940,58.45,50.29,54.0,yes,3,113393.0,97562.59999999999,15830.400000000009,2.7835051546391756,1.0,0.0,1,0,1.5850515463917527,Low
po-00514,beta_supplies,2022-04-29,2022-05-11,office supplies,cancelled,1891,91.87,80.28,158.0,yes,12,173726.17,151809.48,21916.690000000002,8.355367530407191,0.0,100.0,1,0,30.506610259122155,High
po-00515,epsilon_group,2023-01-30,2023-02-16,packaging,delivered,970,86.91,78.44,18.0,yes,17,84302.7,76086.8,8215.899999999994,1.8556701030927836,1.0,0.0,1,0,4.806701030927835,Low
po-00516,epsilon_group,2023-08-14,2023-08-31,mro,delivered,457,52.85,50.34,16.0,yes,17,24152.45,23005.38,1147.0699999999997,3.50109409190372,1.0,0.0,1,0,5.300328227571116,Low
po-00517,beta_supplies,2022-07-14,2022-07-27,office supplies,cancelled,574,12.38,11.47,0.0,no,13,7106.120000000001,6583.780000000001,522.3400000000001,0.0,0.0,100.0,0,100,48.25,High
po-00518,epsilon_group,2022-09-18,2022-09-20,office supplies,delivered,877,35.55,34.69,24.0,yes,2,31177.35,30423.129999999997,754.2200000000012,2.7366020524515395,1.0,0.0,1,0,1.3209806157354618,Low
po-00519,alpha_inc,2022-02-15,2022-02-27,mro,delivered,1579,59.04,50.95,29.0,yes,12,93224.16,80450.05,12774.11,1.8366054464851171,1.0,0.0,1,0,3.5509816339455353,Low
po-00520,delta_logistics,2023-12-27,2023-12-28,raw materials,delivered,952,74.72,69.73,0.0,yes,1,71133.44,66382.96,4750.479999999996,0.0,1.0,0.0,1,0,0.25,Low
po-00521,beta_supplies,2023-03-23,2023-03-26,raw materials,pending,1898,35.53,33.25,187.0,yes,3,67435.94,63108.5,4327.440000000002,9.852476290832456,0.3,70.0,1,0,21.205742887249738,Medium
po-00522,delta_logistics,2022-01-02,2022-01-06,packaging,delivered,85,22.54,20.68,6.0,yes,4,1915.8999999999999,1757.8,158.0999999999999,7.0588235294117645,1.0,0.0,1,0,3.1176470588235294,Low
po-00523,gamma_co,2023-06-17,2023-06-28,packaging,pending,734,92.38,78.92,34.0,no,11,67806.92,57927.28,9879.64,4.632152588555858,0.3,70.0,0,100,41.63964577656676,High
po-00524,alpha_inc,2023-07-06,2023-07-18,office supplies,delivered,69,107.47,105.53,0.0,yes,12,7415.43,7281.57,133.86000000000058,0.0,1.0,0.0,1,0,3.0,Low
po-00525,delta_logistics,2023-12-05,2023-12-11,packaging,delivered,370,63.9,55.79,59.0,yes,6,23643.0,20642.3,3000.7000000000007,15.945945945945947,1.0,0.0,1,0,6.283783783783784,Low
po-00526,delta_logistics,2023-11-18,2023-12-03,mro,delivered,1849,28.25,27.53,271.0,yes,15,52234.25,50902.97,1331.2799999999988,14.656571119524067,1.0,0.0,1,0,8.14697133585722,Low
po-00527,beta_supplies,2022-07-21,2022-02-13,packaging,delivered,561,35.54,30.99,68.0,no,-158,19937.94,17385.39,2552.5499999999993,12.121212121212121,1.0,0.0,0,100,-15.863636363636367,
po-00528,gamma_co,2023-01-08,2023-01-14,electronics,delivered,449,12.35,10.67,29.0,yes,6,5545.15,4790.83,754.3199999999997,6.45879732739421,1.0,0.0,1,0,3.437639198218263,Low
po-00529,beta_supplies,2023-03-18,2023-03-21,office supplies,delivered,703,98.75,86.78,59.0,yes,3,69421.25,61006.340000000004,8414.909999999996,8.392603129445234,1.0,0.0,1,0,3.26778093883357,Low
po-00530,gamma_co,2022-03-13,2022-03-28,electronics,delivered,1021,20.8,18.23,37.0,yes,15,21236.8,18612.83,2623.9699999999975,3.623898139079334,1.0,0.0,1,0,4.8371694417238,Low
po-00531,beta_supplies,2023-11-12,2023-11-19,office supplies,delivered,1956,68.69,65.09,0.0,yes,7,134357.63999999998,127316.04000000001,7041.599999999977,0.0,1.0,0.0,1,0,1.75,Low
po-00532,delta_logistics,2022-12-05,2022-12-12,office supplies,partially delivered,520,36.57,34.78,67.0,no,7,19016.4,18085.600000000002,930.7999999999993,12.884615384615383,0.5,50.0,0,100,38.11538461538461,High
po-00533,delta_logistics,2023-10-01,2023-10-12,mro,delivered,1216,66.16,63.0,179.0,no,11,80450.56,76608.0,3842.5599999999977,14.720394736842104,1.0,0.0,0,100,27.16611842105263,High
po-00534,alpha_inc,2022-11-18,2022-02-13,raw materials,delivered,1165,72.06,63.93,0.0,yes,-278,83949.90000000001,74478.45,9471.450000000012,0.0,1.0,0.0,1,0,-69.5,
po-00535,delta_logistics,2023-11-11,2023-11-29,packaging,pending,1427,93.99,83.6,213.0,yes,18,134123.72999999998,119297.2,14826.529999999984,14.926419060967064,0.3,70.0,1,0,26.47792571829012,High
po-00536,epsilon_group,2022-05-08,2022-05-10,electronics,delivered,883,29.15,25.75,14.0,yes,2,25739.449999999997,22737.25,3002.199999999997,1.5855039637599093,1.0,0.0,1,0,0.9756511891279728,Low
po-00537,delta_logistics,2022-11-04,2022-11-11,packaging,partially delivered,1873,11.54,9.89,284.0,no,7,21614.42,18523.97,3090.449999999997,15.162840363053926,0.5,50.0,0,100,38.79885210891618,High
po-00538,epsilon_group,2023-06-04,2023-06-06,office supplies,delivered,776,24.22,22.53,27.0,yes,2,18794.719999999998,17483.280000000002,1311.439999999995,3.479381443298969,1.0,0.0,1,0,1.5438144329896908,Low
po-00539,delta_logistics,2022-11-13,2022-11-24,electronics,delivered,903,95.55,92.45,149.0,no,11,86281.65,83482.35,2799.2999999999884,16.500553709856035,1.0,0.0,0,100,27.70016611295681,High
po-00540,epsilon_group,2023-11-14,2023-11-26,electronics,delivered,100,98.4,85.76,3.0,yes,12,9840.0,8576.0,1264.0,3.0,1.0,0.0,1,0,3.9,Low
po-00541,epsilon_group,2023-02-23,2023-03-08,office supplies,delivered,1738,67.91,61.15,0.0,yes,13,118027.57999999999,106278.7,11748.87999999999,0.0,1.0,0.0,1,0,3.25,Low
po-00542,delta_logistics,2022-12-01,2022-12-14,packaging,delivered,1771,67.57,61.48,280.0,no,13,119666.46999999999,108881.07999999999,10785.39,15.810276679841898,1.0,0.0,0,100,27.99308300395257,High
po-00543,epsilon_group,2023-02-17,2023-02-23,electronics,delivered,624,74.39,66.3,18.0,no,6,46419.36,41371.2,5048.1600000000035,2.8846153846153846,1.0,0.0,0,100,22.365384615384617,Medium
po-00544,alpha_inc,2023-12-15,2023-12-31,packaging,partially delivered,1263,28.75,27.1,26.0,yes,16,36311.25,34227.3,2083.949999999997,2.058590657165479,0.5,50.0,1,0,17.117577197149643,Medium
po-00545,gamma_co,2022-10-30,2022-11-16,electronics,cancelled,1198,96.45,90.09,0.0,yes,17,115547.1,107927.82,7619.279999999999,0.0,0.0,100.0,1,0,29.25,High
po-00546,epsilon_group,2023-07-22,2023-07-25,raw materials,delivered,199,51.98,45.64,0.0,no,3,10344.019999999999,9082.36,1261.659999999998,0.0,1.0,0.0,0,100,20.75,Medium
po-00547,epsilon_group,2022-05-11,2022-05-14,mro,pending,363,45.37,38.73,0.0,yes,3,16469.309999999998,14058.989999999998,2410.3199999999997,0.0,0.3,70.0,1,0,18.25,Medium
po-00548,alpha_inc,2022-07-16,2022-07-22,office supplies,delivered,619,58.4,51.04,0.0,yes,6,36149.6,31593.76,4555.84,0.0,1.0,0.0,1,0,1.5,Low
po-00549,alpha_inc,2023-03-07,2023-03-18,mro,delivered,1415,15.22,13.56,30.0,yes,11,21536.3,19187.4,2348.899999999998,2.1201413427561837,1.0,0.0,1,0,3.386042402826855,Low
po-00550,beta_supplies,2023-11-12,2023-11-23,packaging,delivered,354,27.71,23.87,39.0,no,11,9809.34,8449.98,1359.3600000000006,11.016949152542372,1.0,0.0,0,100,26.055084745762713,High
po-00551,gamma_co,2023-01-24,2023-02-03,mro,delivered,1765,81.01,78.43,78.0,yes,10,142982.65000000002,138428.95,4553.700000000012,4.419263456090651,1.0,0.0,1,0,3.8257790368271953,Low
po-00552,beta_supplies,2023-11-25,2023-12-09,mro,delivered,731,19.37,17.3,69.0,no,14,14159.470000000001,12646.300000000001,1513.17,9.439124487004104,1.0,0.0,0,100,26.33173734610123,High
po-00553,epsilon_group,2022-06-28,2022-07-13,mro,delivered,887,65.89,59.67,29.0,yes,15,58444.43,52927.29,5517.139999999999,3.269447576099211,1.0,0.0,1,0,4.730834272829763,Low
po-00554,alpha_inc,2023-09-23,2023-09-25,mro,delivered,1856,35.29,32.41,26.0,yes,2,65498.24,60152.95999999999,5345.280000000006,1.4008620689655173,1.0,0.0,1,0,0.9202586206896552,Low
po-00555,epsilon_group,2023-08-06,2023-08-18,office supplies,delivered,1127,49.32,46.49,30.0,yes,12,55583.64,52394.23,3189.409999999996,2.6619343389529724,1.0,0.0,1,0,3.7985803016858917,Low
po-00556,delta_logistics,2022-11-05,2022-11-19,raw materials,delivered,1052,37.78,32.6,162.0,yes,14,39744.56,34295.200000000004,5449.359999999993,15.399239543726237,1.0,0.0,1,0,8.11977186311787,Low
po-00557,gamma_co,2023-02-20,2023-02-22,raw materials,delivered,493,44.74,41.44,24.0,no,2,22056.82,20429.92,1626.9000000000015,4.86815415821501,1.0,0.0,0,100,21.960446247464503,Medium
po-00558,delta_logistics,2023-07-16,2023-07-29,mro,partially delivered,662,81.44,71.33,87.0,yes,13,53913.28,47220.46,6692.82,13.141993957703926,0.5,50.0,1,0,19.692598187311177,Medium
po-00559,alpha_inc,2022-01-01,2022-01-07,raw materials,delivered,1042,36.74,35.78,33.0,yes,6,38283.08,37282.76,1000.3199999999997,3.166986564299424,1.0,0.0,1,0,2.450095969289827,Low
po-00560,alpha_inc,2022-11-08,2022-02-13,raw materials,delivered,313,64.03,57.74,1.0,yes,-268,20041.39,18072.62,1968.7700000000004,0.3194888178913738,1.0,0.0,1,0,-66.90415335463258,
po-00561,alpha_inc,2022-10-21,2022-11-10,office supplies,delivered,1126,55.22,50.38,0.0,yes,20,62177.72,56727.880000000005,5449.8399999999965,0.0,1.0,0.0,1,0,5.0,Low
po-00562,gamma_co,2022-08-04,2022-08-19,mro,delivered,1645,72.17,64.0,79.0,yes,15,118719.65000000001,105280.0,13439.650000000009,4.802431610942249,1.0,0.0,1,0,5.1907294832826745,Low
po-00563,beta_supplies,2023-03-17,2023-03-20,packaging,delivered,1053,100.92,92.35,104.0,yes,3,106268.76,97244.54999999999,9024.210000000006,9.876543209876543,1.0,0.0,1,0,3.712962962962963,Low
po-00564,epsilon_group,2023-08-17,2023-08-29,mro,delivered,1693,83.14,73.3,62.0,yes,12,140756.02,124096.9,16659.119999999995,3.662138216184288,1.0,0.0,1,0,4.0986414648552865,Low
po-00565,epsilon_group,2023-09-14,2023-10-03,raw materials,pending,54,32.28,28.65,3.0,yes,19,1743.1200000000001,1547.1,196.0200000000002,5.555555555555555,0.3,70.0,1,0,23.916666666666664,Medium
po-00566,epsilon_group,2023-11-02,2023-11-07,packaging,delivered,1176,14.22,12.21,33.0,yes,5,16722.72,14358.960000000001,2363.76,2.806122448979592,1.0,0.0,1,0,2.0918367346938775,Low
po-00567,epsilon_group,2022-11-26,2022-12-08,raw materials,delivered,1269,35.28,33.7,35.0,yes,12,44770.32,42765.3,2005.0199999999968,2.7580772261623325,1.0,0.0,1,0,3.8274231678487,Low
po-00568,epsilon_group,2023-04-22,2023-04-25,raw materials,delivered,823,68.32,64.46,19.0,yes,3,56227.35999999999,53050.579999999994,3176.779999999999,2.3086269744835968,1.0,0.0,1,0,1.442588092345079,Low
po-00569,beta_supplies,2023-03-29,2023-04-15,electronics,delivered,926,15.65,13.49,94.0,no,17,14491.9,12491.74,2000.1599999999999,10.151187904967603,1.0,0.0,0,100,27.29535637149028,High
po-00570,delta_logistics,2023-03-29,2023-04-09,electronics,cancelled,1041,58.5,52.54,170.0,no,11,60898.5,54694.14,6204.360000000001,16.330451488952928,0.0,100.0,0,100,52.649135446685875,High
po-00571,gamma_co,2023-11-23,2023-12-01,electronics,pending,933,70.72,65.47,42.0,yes,8,65981.76,61083.51,4898.249999999993,4.501607717041801,0.3,70.0,1,0,20.85048231511254,Medium
po-00572,delta_logistics,2022-08-07,2022-02-13,raw materials,delivered,1423,41.48,40.9,199.0,yes,-175,59026.03999999999,58200.7,825.3399999999965,13.984539704848912,1.0,0.0,1,0,-39.554638088545325,
po-00573,delta_logistics,2023-06-08,2023-06-14,mro,delivered,96,86.13,80.32,12.0,no,6,8268.48,7710.719999999999,557.7600000000002,12.5,1.0,0.0,0,100,25.25,High
po-00574,epsilon_group,2023-04-30,2023-05-13,mro,delivered,916,21.06,19.53,25.0,yes,13,19290.96,17889.48,1401.4799999999996,2.7292576419213974,1.0,0.0,1,0,4.068777292576419,Low
po-00575,epsilon_group,2022-06-23,2022-02-13,raw materials,delivered,872,17.18,16.63,20.0,yes,-130,14980.96,14501.359999999999,479.60000000000036,2.293577981651376,1.0,0.0,1,0,-31.81192660550459,
po-00576,beta_supplies,2023-11-06,2023-11-15,electronics,delivered,985,83.85,80.88,0.0,no,9,82592.25,79666.79999999999,2925.4500000000116,0.0,1.0,0.0,0,100,22.25,Medium
po-00577,gamma_co,2022-03-28,2022-04-04,raw materials,delivered,1893,55.14,50.1,98.0,yes,7,104380.02,94839.3,9540.720000000001,5.176967776016904,1.0,0.0,1,0,3.3030903328050716,Low
po-00578,alpha_inc,2022-10-18,2022-02-13,mro,delivered,705,75.19,69.55,19.0,yes,-247,53008.95,49032.75,3976.199999999997,2.6950354609929077,1.0,0.0,1,0,-60.941489361702125,
po-00579,delta_logistics,2023-06-12,2023-06-28,mro,delivered,318,53.31,51.78,0.0,no,16,16952.58,16466.04,486.5400000000009,0.0,1.0,0.0,0,100,24.0,Medium
po-00580,alpha_inc,2023-11-11,2023-11-16,office supplies,pending,419,35.72,32.74,7.0,yes,5,14966.68,13718.060000000001,1248.619999999999,1.6706443914081146,0.3,70.0,1,0,19.251193317422434,Medium
po-00581,gamma_co,2023-10-11,2023-10-26,mro,delivered,685,92.51,90.05,38.0,yes,15,63369.350000000006,61684.25,1685.1000000000058,5.547445255474453,1.0,0.0,1,0,5.414233576642336,Low
po-00582,delta_logistics,2023-09-27,2023-10-12,office supplies,partially delivered,1179,90.14,82.63,194.0,yes,15,106275.06,97420.76999999999,8854.290000000008,16.45462256149279,0.5,50.0,1,0,21.186386768447836,Medium
po-00583,alpha_inc,2022-12-10,2022-02-13,raw materials,delivered,1743,76.51,65.88,40.0,yes,-300,133356.93000000002,114828.84,18528.090000000026,2.2948938611589216,1.0,0.0,1,0,-74.31153184165233,
po-00584,alpha_inc,2022-04-06,2022-04-17,mro,delivered,1732,35.01,34.18,40.0,yes,11,60637.32,59199.76,1437.5599999999977,2.3094688221709005,1.0,0.0,1,0,3.44284064665127,Low
po-00585,beta_supplies,2022-08-29,2022-09-01,office supplies,delivered,706,65.33,62.06,60.0,no,3,46122.979999999996,43814.36,2308.6199999999953,8.498583569405099,1.0,0.0,0,100,23.29957507082153,Medium
po-00586,gamma_co,2023-11-20,2023-11-30,mro,cancelled,169,47.16,43.4,0.0,yes,10,7970.039999999999,7334.599999999999,635.4399999999996,0.0,0.0,100.0,1,0,27.5,High
po-00587,gamma_co,2022-11-14,2022-11-20,office supplies,pending,880,19.15,18.69,0.0,no,6,16852.0,16447.2,404.7999999999993,0.0,0.3,70.0,0,100,39.0,High
po-00588,gamma_co,2022-08-19,2022-08-25,mro,delivered,1860,95.8,92.17,105.0,no,6,178188.0,171436.2,6751.799999999988,5.64516129032258,1.0,0.0,0,100,23.193548387096776,Medium
po-00589,delta_logistics,2022-07-23,2022-08-09,mro,delivered,1677,22.98,21.71,246.0,yes,17,38537.46,36407.67,2129.790000000001,14.669051878354203,1.0,0.0,1,0,8.65071556350626,Low
po-00590,beta_supplies,2022-05-31,2022-06-07,packaging,partially delivered,1131,97.43,91.28,103.0,yes,7,110193.33,103237.68000000001,6955.649999999994,9.106984969053935,0.5,50.0,1,0,16.98209549071618,Medium
po-00591,epsilon_group,2022-01-26,2022-02-03,raw materials,cancelled,1419,50.14,43.46,0.0,yes,8,71148.66,61669.74,9478.920000000006,0.0,0.0,100.0,1,0,27.0,High
po-00592,delta_logistics,2022-02-17,2022-02-18,raw materials,pending,790,26.8,25.62,115.0,yes,1,21172.0,20239.8,932.2000000000007,14.556962025316455,0.3,70.0,1,0,22.117088607594937,Medium
po-00593,gamma_co,2022-09-08,2022-09-27,mro,pending,1547,61.12,53.43,77.0,yes,19,94552.64,82656.21,11896.429999999993,4.97737556561086,0.3,70.0,1,0,23.74321266968326,Medium
po-00594,delta_logistics,2023-05-02,2023-05-20,office supplies,cancelled,166,95.65,94.48,23.0,yes,18,15877.900000000001,15683.68,194.22000000000116,13.855421686746988,0.0,100.0,1,0,33.6566265060241,High
po-00595,alpha_inc,2023-09-18,2023-09-21,electronics,delivered,1903,83.49,82.33,43.0,yes,3,158881.47,156673.99,2207.4800000000105,2.2595901208617972,1.0,0.0,1,0,1.4278770362585391,Low
po-00596,delta_logistics,2022-03-16,2022-03-29,office supplies,partially delivered,840,83.42,80.35,153.0,yes,13,70072.8,67494.0,2578.800000000003,18.21428571428571,0.5,50.0,1,0,21.214285714285715,Medium
po-00597,delta_logistics,2023-04-12,2022-02-13,mro,delivered,1200,74.49,64.63,161.0,yes,-423,89388.0,77556.0,11832.0,13.416666666666666,1.0,0.0,1,0,-101.725,
po-00598,gamma_co,2023-03-01,2023-03-18,raw materials,delivered,1466,77.37,70.35,72.0,yes,17,113424.42000000001,103133.09999999999,10291.320000000022,4.911323328785812,1.0,0.0,1,0,5.723396998635744,Low
po-00599,alpha_inc,2023-10-07,2023-10-21,office supplies,delivered,1981,95.5,94.39,49.0,yes,14,189185.5,186986.59,2198.9100000000035,2.4734982332155475,1.0,0.0,1,0,4.242049469964664,Low
po-00600,gamma_co,2023-08-13,2023-08-16,packaging,delivered,1062,35.55,32.38,0.0,yes,3,37754.1,34387.560000000005,3366.5399999999936,0.0,1.0,0.0,1,0,0.75,Low
po-00601,alpha_inc,2022-07-19,2022-07-30,mro,delivered,1714,55.67,55.09,42.0,yes,11,95418.38,94424.26000000001,994.1199999999953,2.4504084014002334,1.0,0.0,1,0,3.48512252042007,Low
po-00602,alpha_inc,2023-12-15,2023-12-30,office supplies,delivered,1131,33.35,31.28,23.0,yes,15,37718.85,35377.68,2341.1699999999983,2.033598585322723,1.0,0.0,1,0,4.360079575596817,Low
po-00603,alpha_inc,2023-01-29,2023-02-15,office supplies,delivered,683,104.82,101.34,0.0,yes,17,71592.06,69215.22,2376.8399999999965,0.0,1.0,0.0,1,0,4.25,Low
po-00604,gamma_co,2023-05-22,2023-06-09,packaging,partially delivered,562,102.56,90.88,38.0,yes,18,57638.72,51074.56,6564.1600000000035,6.761565836298933,0.5,50.0,1,0,19.02846975088968,Medium
po-00605,alpha_inc,2023-02-14,2023-02-20,electronics,delivered,1824,14.43,14.11,36.0,yes,6,26320.32,25736.64,583.6800000000003,1.9736842105263157,1.0,0.0,1,0,2.0921052631578947,Low
po-00606,beta_supplies,2022-09-07,2022-09-12,electronics,partially delivered,851,76.44,74.76,91.0,yes,5,65050.439999999995,63620.76,1429.679999999993,10.693301997649824,0.5,50.0,1,0,16.957990599294945,Medium
po-00607,beta_supplies,2022-06-01,2022-06-03,office supplies,delivered,1169,95.6,82.16,103.0,yes,2,111756.4,96045.04,15711.36,8.810949529512403,1.0,0.0,1,0,3.1432848588537206,Low
po-00608,epsilon_group,2023-11-03,2023-11-20,mro,delivered,1711,29.14,26.35,48.0,yes,17,49858.54,45084.850000000006,4773.689999999995,2.805376972530684,1.0,0.0,1,0,5.091613091759205,Low
po-00609,beta_supplies,2023-12-06,2023-12-12,packaging,pending,1191,68.14,61.71,112.0,yes,6,81154.74,73496.61,7658.130000000005,9.403862300587742,0.3,70.0,1,0,21.821158690176322,Medium
po-00610,epsilon_group,2022-01-06,2022-01-14,electronics,delivered,609,92.39,82.75,29.0,yes,8,56265.51,50394.75,5870.760000000002,4.761904761904762,1.0,0.0,1,0,3.428571428571429,Low
po-00611,beta_supplies,2022-04-20,2022-05-07,office supplies,delivered,1674,13.25,11.77,181.0,yes,17,22180.5,19702.98,2477.5200000000004,10.81242532855436,1.0,0.0,1,0,7.493727598566307,Low
po-00612,gamma_co,2023-03-12,2023-03-15,mro,delivered,537,77.86,71.18,20.0,yes,3,41810.82,38223.66,3587.159999999996,3.7243947858473,1.0,0.0,1,0,1.8673184357541899,Low
po-00613,epsilon_group,2022-08-13,2022-08-31,electronics,delivered,1310,38.05,37.0,45.0,yes,18,49845.49999999999,48470.0,1375.4999999999927,3.435114503816794,1.0,0.0,1,0,5.530534351145038,Low
po-00614,delta_logistics,2022-06-30,2022-07-10,raw materials,delivered,1958,95.53,91.72,308.0,yes,10,187047.74,179587.76,7459.979999999981,15.730337078651685,1.0,0.0,1,0,7.219101123595506,Low
po-00615,delta_logistics,2023-12-14,2023-12-17,office supplies,delivered,946,108.6,101.78,146.0,yes,3,102735.59999999999,96283.88,6451.719999999987,15.433403805496829,1.0,0.0,1,0,5.380021141649048,Low
po-00616,beta_supplies,2023-06-15,2023-06-21,packaging,partially delivered,1345,103.06,95.14,0.0,yes,6,138615.7,127963.3,10652.400000000009,0.0,0.5,50.0,1,0,14.0,Medium
po-00617,delta_logistics,2023-04-21,2023-05-10,mro,delivered,1262,56.63,51.46,0.0,no,19,71467.06,64942.520000000004,6524.539999999994,0.0,1.0,0.0,0,100,24.75,Medium
po-00618,beta_supplies,2022-02-21,2022-03-13,office supplies,pending,753,88.02,79.92,75.0,yes,20,66279.06,60179.76,6099.299999999996,9.9601593625498,0.3,70.0,1,0,25.48804780876494,High
po-00619,beta_supplies,2023-07-25,2023-08-14,electronics,delivered,1520,93.75,81.63,149.0,yes,20,142500.0,124077.59999999999,18422.40000000001,9.802631578947368,1.0,0.0,1,0,7.940789473684211,Low
po-00620,delta_logistics,2022-09-13,2022-10-02,office supplies,delivered,630,40.27,37.54,76.0,yes,19,25370.100000000002,23650.2,1719.9000000000015,12.063492063492063,1.0,0.0,1,0,8.369047619047619,Low
po-00621,delta_logistics,2022-05-05,2022-05-06,office supplies,delivered,839,86.29,82.51,110.0,yes,1,72397.31000000001,69225.89,3171.420000000013,13.110846245530395,1.0,0.0,1,0,4.183253873659118,Low
po-00622,alpha_inc,2023-04-13,2023-05-02,electronics,delivered,910,14.33,14.07,27.0,yes,19,13040.3,12803.7,236.59999999999854,2.9670329670329667,1.0,0.0,1,0,5.64010989010989,Low
po-00623,epsilon_group,2022-05-17,2022-05-24,raw materials,delivered,296,64.94,63.61,0.0,yes,7,19222.239999999998,18828.56,393.67999999999665,0.0,1.0,0.0,1,0,1.75,Low
po-00624,beta_supplies,2023-04-21,2023-05-05,mro,delivered,1149,33.0,30.65,141.0,yes,14,37917.0,35216.85,2700.1500000000015,12.27154046997389,1.0,0.0,1,0,7.181462140992167,Low
po-00625,delta_logistics,2023-11-15,2023-11-16,electronics,delivered,203,23.14,20.0,0.0,no,1,4697.42,4060.0,637.4200000000001,0.0,1.0,0.0,0,100,20.25,Medium
po-00626,epsilon_group,2023-06-28,2023-07-16,office supplies,delivered,1729,18.36,16.34,47.0,yes,18,31744.44,28251.86,3492.579999999998,2.7183342972816655,1.0,0.0,1,0,5.3155002891845,Low
po-00627,delta_logistics,2023-07-27,2023-08-06,office supplies,delivered,1508,79.21,73.27,226.0,yes,10,119448.68,110491.15999999999,8957.520000000004,14.986737400530503,1.0,0.0,1,0,6.99602122015915,Low
po-00628,delta_logistics,2023-09-02,2023-09-15,packaging,partially delivered,1046,44.65,40.1,165.0,no,13,46703.9,41944.6,4759.300000000003,15.77437858508604,0.5,50.0,0,100,40.48231357552581,High
po-00629,alpha_inc,2022-11-21,2022-11-24,office supplies,delivered,1159,78.99,71.69,14.0,yes,3,91549.40999999999,83088.70999999999,8460.699999999997,1.2079378774805867,1.0,0.0,1,0,1.112381363244176,Low
po-00630,beta_supplies,2023-03-30,2023-04-05,electronics,delivered,746,16.99,15.35,69.0,no,6,12674.539999999999,11451.1,1223.4399999999987,9.249329758713138,1.0,0.0,0,100,24.274798927613944,Medium
po-00631,beta_supplies,2023-09-20,2023-10-06,packaging,delivered,1358,42.21,38.75,128.0,yes,16,57321.18,52622.5,4698.68,9.425625920471282,1.0,0.0,1,0,6.827687776141385,Low
po-00632,gamma_co,2023-06-01,2023-06-12,office supplies,delivered,1293,63.53,59.42,79.0,yes,11,82144.29000000001,76830.06,5314.2300000000105,6.109822119102862,1.0,0.0,1,0,4.582946635730859,Low
po-00633,alpha_inc,2023-03-13,2023-03-24,electronics,delivered,1142,86.85,74.28,30.0,yes,11,99182.7,84827.76,14354.940000000002,2.626970227670753,1.0,0.0,1,0,3.5380910683012257,Low
po-00634,epsilon_group,2023-07-16,2023-07-27,mro,delivered,1120,42.17,37.47,33.0,yes,11,47230.4,41966.4,5264.0,2.946428571428571,1.0,0.0,1,0,3.633928571428571,Low
po-00635,alpha_inc,2023-04-02,2023-04-14,mro,delivered,1058,71.3,62.04,0.0,yes,12,75435.4,65638.31999999999,9797.080000000002,0.0,1.0,0.0,1,0,3.0,Low
po-00636,epsilon_group,2022-06-12,2022-02-13,office supplies,delivered,143,91.98,86.02,5.0,yes,-119,13153.140000000001,12300.859999999999,852.2800000000025,3.4965034965034967,1.0,0.0,1,0,-28.70104895104895,
po-00637,beta_supplies,2023-05-02,2023-05-14,mro,delivered,1823,70.66,66.92,202.0,yes,12,128813.18,121995.16,6818.0199999999895,11.080636313768514,1.0,0.0,1,0,6.324190894130554,Low
po-00638,gamma_co,2023-04-06,2023-04-10,office supplies,delivered,1007,33.29,28.48,49.0,yes,4,33523.03,28679.36,4843.669999999998,4.865938430983118,1.0,0.0,1,0,2.4597815292949354,Low
po-00639,gamma_co,2022-09-23,2022-10-08,packaging,delivered,1061,12.68,12.36,56.0,no,15,13453.48,13113.96,339.52000000000044,5.27803958529689,1.0,0.0,0,100,25.333411875589068,High
po-00640,beta_supplies,2022-09-11,2022-09-26,mro,pending,502,91.84,82.33,0.0,yes,15,46103.68,41329.659999999996,4774.020000000004,0.0,0.3,70.0,1,0,21.25,Medium
po-00641,delta_logistics,2023-10-15,2023-10-19,packaging,delivered,1277,13.17,11.63,199.0,no,4,16818.09,14851.51,1966.58,15.58339859044636,1.0,0.0,0,100,25.67501957713391,High
po-00642,alpha_inc,2022-10-11,2022-10-24,packaging,delivered,961,92.72,88.49,22.0,yes,13,89103.92,85038.89,4065.029999999999,2.2892819979188346,1.0,0.0,1,0,3.9367845993756503,Low
po-00643,gamma_co,2023-06-18,2023-07-02,packaging,delivered,267,62.5,61.18,17.0,yes,14,16687.5,16335.06,352.4400000000005,6.367041198501873,1.0,0.0,1,0,5.410112359550562,Low
po-00644,delta_logistics,2023-05-12,2023-05-18,raw materials,cancelled,523,102.08,99.59,0.0,yes,6,53387.84,52085.57,1302.2699999999968,0.0,0.0,100.0,1,0,26.5,High
po-00645,epsilon_group,2023-10-04,2023-10-23,electronics,pending,481,90.49,77.17,0.0,yes,19,43525.689999999995,37118.770000000004,6406.919999999991,0.0,0.3,70.0,1,0,22.25,Medium
po-00646,gamma_co,2022-09-02,2022-09-09,office supplies,delivered,390,103.81,100.12,20.0,yes,7,40485.9,39046.8,1439.0999999999985,5.128205128205128,1.0,0.0,1,0,3.2884615384615383,Low
po-00647,epsilon_group,2022-10-09,2022-10-25,packaging,delivered,600,43.43,38.76,22.0,yes,16,26058.0,23256.0,2802.0,3.6666666666666665,1.0,0.0,1,0,5.1,Low
po-00648,delta_logistics,2023-03-27,2022-02-13,office supplies,delivered,1685,84.58,75.21,253.0,no,-407,142517.3,126728.84999999999,15788.449999999997,15.014836795252226,1.0,0.0,0,100,-77.24554896142433,
po-00649,epsilon_group,2022-03-21,2022-03-31,packaging,cancelled,1362,46.64,42.85,33.0,yes,10,63523.68,58361.700000000004,5161.979999999996,2.4229074889867843,0.0,100.0,1,0,28.226872246696036,High
po-00650,delta_logistics,2024-01-01,2024-01-04,electronics,pending,1327,59.57,56.44,169.0,yes,3,79049.39,74895.87999999999,4153.510000000009,12.735493594574226,0.3,70.0,1,0,22.070648078372265,Medium
po-00651,epsilon_group,2022-10-20,2022-02-13,mro,delivered,1807,69.47,60.0,50.0,yes,-249,125532.29,108420.0,17112.289999999994,2.7670171555063643,1.0,0.0,1,0,-61.41989485334809,
po-00652,alpha_inc,2022-08-29,2022-09-06,office supplies,pending,406,91.73,89.13,0.0,yes,8,37242.380000000005,36186.78,1055.6000000000058,0.0,0.3,70.0,1,0,19.5,Medium
po-00653,gamma_co,2022-10-06,2022-10-18,raw materials,partially delivered,72,103.0,89.49,1.0,no,12,7416.0,6443.28,972.7200000000003,1.3888888888888888,0.5,50.0,0,100,35.916666666666664,High
po-00654,gamma_co,2022-12-10,2022-12-20,office supplies,delivered,1835,83.5,82.36,85.0,no,10,153222.5,151130.6,2091.899999999994,4.632152588555858,1.0,0.0,0,100,23.88964577656676,Medium
po-00655,delta_logistics,2022-11-24,2022-12-10,electronics,pending,571,49.98,45.58,0.0,no,16,28538.579999999998,26026.18,2512.399999999998,0.0,0.3,70.0,0,100,41.5,High
po-00656,epsilon_group,2023-07-08,2023-07-09,packaging,delivered,1831,52.24,50.44,60.0,yes,1,95651.44,92355.64,3295.800000000003,3.2768978700163847,1.0,0.0,1,0,1.2330693610049153,Low
po-00657,beta_supplies,2022-03-24,2022-04-07,office supplies,pending,1910,77.15,68.49,170.0,yes,14,147356.5,130815.9,16540.600000000006,8.900523560209423,0.3,70.0,1,0,23.670157068062828,Medium
po-00658,gamma_co,2022-05-22,2022-05-31,electronics,partially delivered,1173,32.12,29.18,0.0,yes,9,37676.759999999995,34228.14,3448.6199999999953,0.0,0.5,50.0,1,0,14.75,Medium
po-00659,epsilon_group,2022-06-04,2022-06-17,packaging,partially delivered,851,20.44,19.22,22.0,yes,13,17394.440000000002,16356.22,1038.220000000003,2.5851938895417157,0.5,50.0,1,0,16.525558166862517,Medium
po-00660,epsilon_group,2022-08-25,2022-09-07,mro,cancelled,1253,43.38,38.01,34.0,yes,13,54355.14000000001,47626.53,6728.610000000008,2.713487629688747,0.0,100.0,1,0,29.064046288906624,High
po-00661,alpha_inc,2023-01-28,2023-02-15,electronics,delivered,1296,38.0,33.42,33.0,yes,18,49248.0,43312.32,5935.68,2.5462962962962963,1.0,0.0,1,0,5.263888888888889,Low
po-00662,beta_supplies,2023-12-12,2023-12-30,raw materials,delivered,1979,40.88,39.46,221.0,yes,18,80901.52,78091.34,2810.1800000000076,11.167256189994946,1.0,0.0,1,0,7.850176856998484,Low
po-00663,gamma_co,2022-06-06,2022-06-19,office supplies,delivered,811,31.8,30.33,58.0,yes,13,25789.8,24597.629999999997,1192.170000000002,7.151664611590629,1.0,0.0,1,0,5.395499383477189,Low
po-00664,alpha_inc,2023-12-25,2024-01-12,electronics,delivered,1732,15.37,14.7,38.0,yes,18,26620.84,25460.399999999998,1160.4400000000023,2.1939953810623556,1.0,0.0,1,0,5.158198614318707,Low
po-00665,beta_supplies,2022-08-08,2022-08-28,packaging,delivered,491,12.01,11.67,47.0,yes,20,5896.91,5729.97,166.9399999999996,9.572301425661914,1.0,0.0,1,0,7.871690427698574,Low
po-00666,gamma_co,2022-03-07,2022-03-11,packaging,cancelled,1681,99.88,96.38,90.0,yes,4,167898.28,162014.78,5883.5,5.353955978584176,0.0,100.0,1,0,27.606186793575255,High
po-00667,alpha_inc,2023-03-01,2023-03-05,raw materials,partially delivered,818,51.89,47.85,12.0,yes,4,42446.020000000004,39141.3,3304.720000000001,1.466992665036675,0.5,50.0,1,0,13.940097799511003,Medium
po-00668,beta_supplies,2023-02-22,2023-03-05,office supplies,delivered,1065,47.49,41.42,113.0,yes,11,50576.85,44112.3,6464.549999999996,10.610328638497652,1.0,0.0,1,0,5.933098591549296,Low
po-00669,gamma_co,2022-12-05,2022-12-17,packaging,delivered,1398,75.08,67.09,57.0,yes,12,104961.84,93791.82,11170.01999999999,4.07725321888412,1.0,0.0,1,0,4.223175965665236,Low
po-00670,beta_supplies,2023-07-10,2023-07-17,packaging,delivered,565,32.31,29.76,60.0,yes,7,18255.15,16814.4,1440.75,10.619469026548673,1.0,0.0,1,0,4.935840707964601,Low
po-00671,epsilon_group,2023-04-23,2023-05-06,packaging,pending,1089,102.66,89.21,33.0,yes,13,111796.73999999999,97149.68999999999,14647.050000000003,3.0303030303030303,0.3,70.0,1,0,21.65909090909091,Medium
po-00672,delta_logistics,2023-03-02,2023-03-04,electronics,delivered,841,86.43,83.77,125.0,no,2,72687.63,70450.56999999999,2237.060000000012,14.863258026159334,1.0,0.0,0,100,24.9589774078478,Medium
po-00673,delta_logistics,2022-03-05,2022-03-16,electronics,delivered,385,18.23,17.74,0.0,yes,11,7018.55,6829.9,188.65000000000055,0.0,1.0,0.0,1,0,2.75,Low
po-00674,epsilon_group,2022-07-31,2022-08-17,office supplies,delivered,1832,49.01,41.86,52.0,yes,17,89786.31999999999,76687.52,13098.799999999988,2.8384279475982535,1.0,0.0,1,0,5.101528384279476,Low
po-00675,beta_supplies,2023-03-07,2023-03-27,raw materials,delivered,307,95.36,83.63,29.0,yes,20,29275.52,25674.41,3601.1100000000006,9.446254071661238,1.0,0.0,1,0,7.833876221498372,Low
po-00676,epsilon_group,2023-02-03,2023-02-08,office supplies,delivered,546,101.2,97.82,21.0,yes,5,55255.200000000004,53409.719999999994,1845.4800000000105,3.8461538461538463,1.0,0.0,1,0,2.4038461538461537,Low
po-00677,delta_logistics,2023-08-22,2023-09-11,raw materials,delivered,945,57.01,55.14,147.0,no,20,53874.45,52107.3,1767.1499999999942,15.555555555555555,1.0,0.0,0,100,29.666666666666664,High
po-00678,delta_logistics,2023-12-14,2023-12-27,mro,pending,209,72.71,64.34,39.0,yes,13,15196.39,13447.060000000001,1749.329999999998,18.660287081339714,0.3,70.0,1,0,26.348086124401913,High
po-00679,beta_supplies,2022-01-21,2022-02-13,packaging,delivered,1548,25.03,22.87,0.0,yes,23,38746.44,35402.76,3343.6800000000003,0.0,1.0,0.0,1,0,5.75,Low
po-00680,delta_logistics,2023-08-13,2023-08-23,raw materials,delivered,901,108.63,106.3,141.0,yes,10,97875.62999999999,95776.3,2099.329999999987,15.64927857935627,1.0,0.0,1,0,7.194783573806881,Low
po-00681,epsilon_group,2023-01-25,2023-02-11,packaging,delivered,1737,32.7,31.02,48.0,yes,17,56799.9,53881.74,2918.1600000000035,2.763385146804836,1.0,0.0,1,0,5.079015544041451,Low
po-00682,beta_supplies,2023-05-04,2023-05-22,raw materials,delivered,1981,102.43,90.99,204.0,yes,18,202913.83000000002,180251.19,22662.640000000014,10.297829379101465,1.0,0.0,1,0,7.589348813730439,Low
po-00683,epsilon_group,2022-01-07,2022-01-26,mro,pending,739,68.47,66.09,19.0,yes,19,50599.33,48840.51,1758.8199999999997,2.571041948579161,0.3,70.0,1,0,23.02131258457375,Medium
po-00684,beta_supplies,2022-12-27,2022-12-28,raw materials,delivered,1748,68.25,62.84,171.0,yes,1,119301.0,109844.32,9456.679999999993,9.782608695652174,1.0,0.0,1,0,3.184782608695652,Low
po-00685,delta_logistics,2022-11-02,2022-11-06,office supplies,cancelled,429,58.95,55.35,59.0,no,4,25289.550000000003,23745.15,1544.4000000000015,13.752913752913754,0.0,100.0,0,100,50.12587412587413,High
po-00686,gamma_co,2023-02-04,2022-02-13,electronics,delivered,1618,32.76,28.41,62.0,yes,-356,53005.68,45967.38,7038.300000000003,3.8318912237330034,1.0,0.0,1,0,-87.8504326328801,
po-00687,beta_supplies,2023-03-06,2023-03-07,packaging,delivered,1006,27.7,23.66,101.0,no,1,27866.2,23801.96,4064.2400000000016,10.03976143141153,1.0,0.0,0,100,23.26192842942346,Medium
po-00688,beta_supplies,2023-07-06,2023-07-15,electronics,partially delivered,740,32.53,29.35,84.0,yes,9,24072.2,21719.0,2353.2000000000007,11.351351351351353,0.5,50.0,1,0,18.155405405405403,Medium
po-00689,gamma_co,2023-07-14,2022-02-13,raw materials,delivered,1500,29.19,27.24,72.0,yes,-516,43785.0,40860.0,2925.0,4.8,1.0,0.0,1,0,-127.56,
po-00690,delta_logistics,2023-09-10,2023-09-29,office supplies,cancelled,1686,88.18,77.15,0.0,yes,19,148671.48,130074.90000000001,18596.58,0.0,0.0,100.0,1,0,29.75,High
po-00691,epsilon_group,2022-08-14,2022-08-16,raw materials,cancelled,1341,42.96,41.75,39.0,yes,2,57609.36,55986.75,1622.6100000000006,2.9082774049217,0.0,100.0,1,0,26.37248322147651,High
po-00692,alpha_inc,2023-05-15,2023-05-21,mro,cancelled,1908,16.42,15.31,36.0,yes,6,31329.360000000004,29211.48,2117.8800000000047,1.8867924528301887,0.0,100.0,1,0,27.066037735849058,High
po-00693,gamma_co,2022-08-13,2022-09-02,mro,partially delivered,1650,100.62,90.45,85.0,yes,20,166023.0,149242.5,16780.5,5.151515151515151,0.5,50.0,1,0,19.045454545454547,Medium
po-00694,alpha_inc,2022-10-07,2022-10-20,mro,delivered,1490,93.57,81.68,29.0,yes,13,139419.3,121703.20000000001,17716.099999999977,1.9463087248322148,1.0,0.0,1,0,3.8338926174496644,Low
po-00695,delta_logistics,2023-03-23,2023-03-31,raw materials,delivered,1241,100.04,97.56,187.0,yes,8,124149.64000000001,121071.96,3077.6800000000076,15.068493150684931,1.0,0.0,1,0,6.520547945205479,Low
po-00696,beta_supplies,2023-05-13,2023-05-17,mro,delivered,1915,107.51,102.66,184.0,yes,4,205881.65000000002,196593.9,9287.75000000003,9.608355091383812,1.0,0.0,1,0,3.8825065274151433,Low
po-00697,beta_supplies,2022-01-30,2022-02-14,raw materials,delivered,1116,25.65,24.28,121.0,yes,15,28625.399999999998,27096.48,1528.9199999999983,10.842293906810035,1.0,0.0,1,0,7.00268817204301,Low
po-00698,delta_logistics,2023-02-03,2023-02-08,raw materials,delivered,1629,48.63,43.28,260.0,yes,5,79218.27,70503.12,8715.150000000009,15.960712093308778,1.0,0.0,1,0,6.038213627992634,Low
po-00699,epsilon_group,2022-12-11,2022-12-18,office supplies,delivered,334,82.54,74.63,0.0,yes,7,27568.36,24926.42,2641.9400000000023,0.0,1.0,0.0,1,0,1.75,Low
po-00700,epsilon_group,2023-11-16,2023-12-06,packaging,delivered,446,80.63,70.37,0.0,yes,20,35960.979999999996,31385.02,4575.9599999999955,0.0,1.0,0.0,1,0,5.0,Low
po-00701,delta_logistics,2023-11-27,2022-02-13,electronics,delivered,61,26.47,24.62,6.0,yes,-652,1614.6699999999998,1501.8200000000002,112.84999999999968,9.836065573770492,1.0,0.0,1,0,-160.04918032786884,
po-00702,delta_logistics,2023-02-19,2023-02-21,packaging,delivered,1680,88.85,87.53,0.0,yes,2,149268.0,147050.4,2217.600000000006,0.0,1.0,0.0,1,0,0.5,Low
po-00703,delta_logistics,2022-06-19,2022-07-06,electronics,delivered,1375,30.95,30.02,223.0,yes,17,42556.25,41277.5,1278.75,16.21818181818182,1.0,0.0,1,0,9.115454545454545,Low
po-00704,delta_logistics,2023-04-24,2023-05-05,electronics,partially delivered,1971,32.4,30.48,321.0,yes,11,63860.399999999994,60076.08,3784.3199999999924,16.28614916286149,0.5,50.0,1,0,20.135844748858446,Medium
po-00705,delta_logistics,2022-05-11,2022-02-13,raw materials,pending,1326,59.49,56.21,0.0,yes,-87,78883.74,74534.46,4349.279999999999,0.0,0.3,70.0,1,0,-4.25,
po-00706,delta_logistics,2023-09-30,2023-10-13,mro,cancelled,548,69.7,61.87,90.0,yes,13,38195.6,33904.76,4290.8399999999965,16.423357664233578,0.0,100.0,1,0,33.17700729927007,High
po-00707,beta_supplies,2023-07-01,2023-07-07,mro,delivered,803,67.81,61.53,78.0,yes,6,54451.43,49408.590000000004,5042.8399999999965,9.71357409713574,1.0,0.0,1,0,4.4140722291407215,Low
po-00708,alpha_inc,2022-01-28,2022-02-15,mro,delivered,84,18.23,15.55,0.0,yes,18,1531.32,1306.2,225.1199999999999,0.0,1.0,0.0,1,0,4.5,Low
po-00709,epsilon_group,2023-02-08,2023-02-20,packaging,delivered,776,94.75,90.89,19.0,yes,12,73526.0,70530.64,2995.3600000000006,2.448453608247423,1.0,0.0,1,0,3.734536082474227,Low
po-00710,alpha_inc,2023-08-30,2023-09-08,mro,delivered,898,37.12,35.54,18.0,no,9,33333.759999999995,31914.92,1418.8399999999965,2.0044543429844097,1.0,0.0,0,100,22.851336302895323,Medium
po-00711,beta_supplies,2023-08-01,2023-08-08,office supplies,cancelled,139,23.71,20.18,14.0,yes,7,3295.69,2805.02,490.6700000000001,10.071942446043165,0.0,100.0,1,0,29.77158273381295,High
po-00712,gamma_co,2023-11-10,2022-02-13,raw materials,delivered,825,99.89,97.65,30.0,yes,-635,82409.25,80561.25,1848.0,3.6363636363636362,1.0,0.0,1,0,-157.6590909090909,
po-00713,alpha_inc,2022-01-28,2022-02-07,mro,delivered,654,96.01,90.31,10.0,yes,10,62790.54,59062.74,3727.800000000003,1.529051987767584,1.0,0.0,1,0,2.958715596330275,Low
po-00714,gamma_co,2022-03-27,2022-04-06,mro,delivered,1995,88.47,82.65,87.0,no,10,176497.65,164886.75,11610.899999999994,4.360902255639098,1.0,0.0,0,100,23.80827067669173,Medium
po-00715,beta_supplies,2023-10-21,2023-10-28,mro,delivered,1019,91.56,77.93,111.0,no,7,93299.64,79410.67000000001,13888.969999999987,10.893032384690873,1.0,0.0,0,100,25.017909715407264,High
po-00716,epsilon_group,2023-03-15,2023-03-31,packaging,pending,1675,73.8,65.34,42.0,yes,16,123615.0,109444.5,14170.5,2.5074626865671643,0.3,70.0,1,0,22.25223880597015,Medium
po-00717,gamma_co,2022-05-19,2022-05-31,raw materials,pending,1071,60.77,58.5,0.0,yes,12,65084.670000000006,62653.5,2431.1700000000055,0.0,0.3,70.0,1,0,20.5,Medium
po-00718,beta_supplies,2023-04-18,2023-04-27,office supplies,delivered,467,19.17,17.11,49.0,yes,9,8952.390000000001,7990.37,962.0200000000013,10.492505353319057,1.0,0.0,1,0,5.397751605995717,Low
po-00719,delta_logistics,2022-07-06,2022-07-25,mro,pending,164,48.16,47.46,27.0,yes,19,7898.24,7783.4400000000005,114.79999999999927,16.463414634146343,0.3,70.0,1,0,27.1890243902439,High
po-00720,epsilon_group,2022-02-21,2022-03-06,electronics,cancelled,666,43.76,41.13,18.0,yes,13,29144.16,27392.58,1751.579999999998,2.7027027027027026,0.0,100.0,1,0,29.06081081081081,High
po-00721,delta_logistics,2022-09-24,2022-10-07,packaging,partially delivered,1976,34.71,31.56,286.0,no,13,68586.96,62362.56,6224.400000000009,14.473684210526317,0.5,50.0,0,100,40.09210526315789,High
po-00722,epsilon_group,2023-01-24,2023-01-29,mro,delivered,1269,79.61,71.86,47.0,yes,5,101025.09,91190.34,9834.75,3.7037037037037033,1.0,0.0,1,0,2.3611111111111107,Low
po-00723,epsilon_group,2022-12-02,2022-12-12,mro,delivered,875,57.63,51.8,16.0,yes,10,50426.25,45325.0,5101.25,1.8285714285714287,1.0,0.0,1,0,3.0485714285714285,Low
po-00724,alpha_inc,2022-08-05,2022-02-13,packaging,partially delivered,1574,17.9,15.85,31.0,yes,-173,28174.6,24947.899999999998,3226.7000000000007,1.9695044472681067,0.5,50.0,1,0,-30.159148665819565,
po-00725,epsilon_group,2023-04-11,2023-04-26,office supplies,partially delivered,1699,32.05,29.34,69.0,yes,15,54452.95,49848.659999999996,4604.290000000001,4.061212477928193,0.5,50.0,1,0,17.468363743378458,Medium
po-00726,alpha_inc,2022-12-01,2022-12-17,electronics,delivered,1566,75.43,71.27,27.0,yes,16,118123.38,111608.81999999999,6514.560000000012,1.7241379310344827,1.0,0.0,1,0,4.517241379310345,Low
po-00727,gamma_co,2022-12-12,2022-12-30,electronics,delivered,1148,17.78,17.16,61.0,yes,18,20411.440000000002,19699.68,711.760000000002,5.313588850174216,1.0,0.0,1,0,6.094076655052264,Low
po-00728,epsilon_group,2023-01-24,2023-02-11,office supplies,delivered,462,91.81,83.14,11.0,yes,18,42416.22,38410.68,4005.540000000001,2.380952380952381,1.0,0.0,1,0,5.214285714285714,Low
po-00729,gamma_co,2022-10-12,2022-10-17,packaging,delivered,1449,57.02,49.28,71.0,yes,5,82621.98000000001,71406.72,11215.26000000001,4.899930986887509,1.0,0.0,1,0,2.7199792960662528,Low
po-00730,epsilon_group,2023-03-08,2023-03-27,mro,delivered,1493,56.98,52.51,43.0,yes,19,85071.14,78397.43,6673.710000000006,2.8801071667782985,1.0,0.0,1,0,5.6140321500334895,Low
po-00731,alpha_inc,2022-09-16,2022-09-18,office supplies,delivered,778,65.85,62.08,0.0,no,2,51231.299999999996,48298.24,2933.0599999999977,0.0,1.0,0.0,0,100,20.5,Medium
po-00732,delta_logistics,2022-03-25,2022-04-11,packaging,partially delivered,1350,85.06,82.34,0.0,no,17,114831.0,111159.0,3672.0,0.0,0.5,50.0,0,100,36.75,High
po-00733,epsilon_group,2023-04-27,2023-05-05,packaging,delivered,1070,44.4,40.07,26.0,yes,8,47508.0,42874.9,4633.0999999999985,2.4299065420560746,1.0,0.0,1,0,2.7289719626168223,Low
po-00734,beta_supplies,2022-01-20,2022-02-03,packaging,pending,810,71.02,66.8,73.0,yes,14,57526.2,54108.0,3418.199999999997,9.012345679012345,0.3,70.0,1,0,23.703703703703702,Medium
po-00735,delta_logistics,2023-07-07,2023-07-23,packaging,cancelled,725,66.4,62.1,118.0,yes,16,48140.00000000001,45022.5,3117.5000000000073,16.275862068965516,0.0,100.0,1,0,33.88275862068966,High
po-00736,alpha_inc,2022-02-23,2022-02-28,electronics,delivered,1467,34.2,30.5,25.0,yes,5,50171.4,44743.5,5427.9000000000015,1.7041581458759374,1.0,0.0,1,0,1.7612474437627812,Low
po-00737,beta_supplies,2022-12-25,2023-01-12,packaging,delivered,1942,93.98,81.31,198.0,yes,18,182509.16,157904.02000000002,24605.139999999985,10.1956745623069,1.0,0.0,1,0,7.55870236869207,Low
po-00738,gamma_co,2022-08-18,2022-02-13,office supplies,delivered,506,84.63,72.69,20.0,yes,-186,42822.78,36781.14,6041.639999999999,3.9525691699604746,1.0,0.0,1,0,-45.31422924901186,
po-00739,alpha_inc,2023-10-28,2023-11-13,mro,delivered,969,76.53,75.64,30.0,yes,16,74157.57,73295.16,862.4100000000035,3.0959752321981426,1.0,0.0,1,0,4.928792569659443,Low
po-00740,delta_logistics,2022-03-12,2022-03-19,mro,delivered,241,87.42,82.15,0.0,yes,7,21068.22,19798.15,1270.0699999999997,0.0,1.0,0.0,1,0,1.75,Low
po-00741,gamma_co,2023-10-30,2023-11-09,raw materials,delivered,788,97.3,94.44,32.0,yes,10,76672.4,74418.72,2253.679999999993,4.060913705583756,1.0,0.0,1,0,3.718274111675127,Low
po-00742,gamma_co,2022-02-11,2022-02-13,office supplies,delivered,1762,74.12,65.71,94.0,yes,2,130599.44,115781.01999999999,14818.420000000013,5.334846765039727,1.0,0.0,1,0,2.1004540295119183,Low
po-00743,alpha_inc,2022-02-01,2022-02-13,raw materials,pending,1172,85.76,81.43,25.0,yes,12,100510.72,95435.96,5074.759999999995,2.1331058020477816,0.3,70.0,1,0,21.139931740614333,Medium
po-00744,delta_logistics,2022-09-11,2022-09-30,office supplies,delivered,1621,75.68,73.78,226.0,no,19,122677.28000000001,119597.38,3079.9000000000087,13.942011104256633,1.0,0.0,0,100,28.93260333127699,High
po-00745,alpha_inc,2022-07-24,2022-07-26,packaging,delivered,1027,73.35,65.42,24.0,no,2,75330.45,67186.34,8144.110000000001,2.3369036027263874,1.0,0.0,0,100,21.201071080817915,Medium
po-00746,beta_supplies,2022-01-21,2022-02-13,raw materials,delivered,1058,65.68,57.21,101.0,yes,23,69489.44,60528.18,8961.260000000002,9.546313799621927,1.0,0.0,1,0,8.613894139886579,Low
po-00747,beta_supplies,2023-09-29,2023-10-05,packaging,delivered,145,85.52,81.86,11.0,no,6,12400.4,11869.7,530.6999999999989,7.586206896551724,1.0,0.0,0,100,23.775862068965516,Medium
po-00748,epsilon_group,2022-06-06,2022-02-13,office supplies,delivered,1737,24.88,24.28,46.0,yes,-113,43216.56,42174.36,1042.199999999997,2.648244099021301,1.0,0.0,1,0,-27.45552677029361,
po-00749,gamma_co,2022-09-02,2022-09-15,electronics,delivered,712,92.85,89.39,43.0,yes,13,66109.2,63645.68,2463.519999999997,6.03932584269663,1.0,0.0,1,0,5.061797752808989,Low
po-00750,epsilon_group,2022-05-10,2022-05-16,electronics,delivered,1263,90.24,86.84,28.0,yes,6,113973.12,109678.92,4294.199999999997,2.2169437846397466,1.0,0.0,1,0,2.165083135391924,Low
po-00751,delta_logistics,2023-04-30,2022-02-13,electronics,delivered,1809,13.58,12.68,0.0,no,-441,24566.22,22938.12,1628.1000000000022,0.0,1.0,0.0,0,100,-90.25,
po-00752,beta_supplies,2023-11-17,2022-02-13,electronics,cancelled,86,93.6,88.22,5.0,yes,-642,8049.599999999999,7586.92,462.6799999999994,5.813953488372093,0.0,100.0,1,0,-133.75581395348837,
po-00753,epsilon_group,2022-04-28,2022-02-13,mro,delivered,1853,21.92,20.72,0.0,yes,-74,40617.76,38394.159999999996,2223.600000000006,0.0,1.0,0.0,1,0,-18.5,
po-00754,beta_supplies,2023-08-01,2023-08-02,electronics,delivered,1442,43.98,41.82,140.0,no,1,63419.159999999996,60304.44,3114.719999999994,9.70873786407767,1.0,0.0,0,100,23.1626213592233,Medium
po-00755,beta_supplies,2022-08-12,2022-09-01,office supplies,pending,1768,79.61,74.97,207.0,no,20,140750.48,132546.96,8203.520000000019,11.70814479638009,0.3,70.0,0,100,46.012443438914026,High
po-00756,beta_supplies,2023-04-22,2023-05-03,electronics,partially delivered,1598,26.3,26.03,154.0,no,11,42027.4,41595.94,431.4599999999991,9.637046307884855,0.5,50.0,0,100,38.14111389236545,High
po-00757,alpha_inc,2023-12-18,2024-01-05,mro,cancelled,328,93.23,82.63,6.0,yes,18,30579.440000000002,27102.64,3476.800000000003,1.8292682926829267,0.0,100.0,1,0,30.048780487804876,High
po-00758,epsilon_group,2022-09-20,2022-09-25,packaging,delivered,266,88.29,80.22,4.0,yes,5,23485.140000000003,21338.52,2146.6200000000026,1.5037593984962405,1.0,0.0,1,0,1.7011278195488722,Low
po-00759,gamma_co,2023-01-13,2023-01-28,raw materials,delivered,916,59.01,53.37,47.0,yes,15,54053.159999999996,48886.92,5166.239999999998,5.131004366812228,1.0,0.0,1,0,5.289301310043668,Low
po-00760,epsilon_group,2022-06-21,2022-06-25,packaging,cancelled,922,10.84,9.27,29.0,yes,4,9994.48,8546.94,1447.539999999999,3.14533622559653,0.0,100.0,1,0,26.94360086767896,High
po-00761,gamma_co,2023-09-13,2023-09-28,packaging,delivered,1871,39.42,37.41,101.0,no,15,73754.82,69994.11,3760.7100000000064,5.398182789951898,1.0,0.0,0,100,25.369454836985568,High
po-00762,epsilon_group,2023-09-14,2023-09-20,raw materials,delivered,1346,72.08,67.04,38.0,yes,6,97019.68,90235.84000000001,6783.839999999982,2.823179791976226,1.0,0.0,1,0,2.346953937592868,Low
po-00763,epsilon_group,2022-04-28,2022-05-09,electronics,delivered,1954,99.78,87.47,57.0,yes,11,194970.12,170916.38,24053.73999999999,2.9170931422722624,1.0,0.0,1,0,3.6251279426816785,Low
po-00764,beta_supplies,2022-06-17,2022-07-06,electronics,delivered,111,68.53,65.22,11.0,yes,19,7606.83,7239.42,367.40999999999985,9.90990990990991,1.0,0.0,1,0,7.722972972972973,Low
po-00765,gamma_co,2022-11-15,2022-11-22,office supplies,pending,645,35.05,30.88,27.0,yes,7,22607.249999999996,19917.6,2689.649999999998,4.186046511627907,0.3,70.0,1,0,20.50581395348837,Medium
po-00766,gamma_co,2022-04-21,2022-05-04,electronics,cancelled,1953,68.07,62.95,87.0,yes,13,132940.71,122941.35,9999.359999999986,4.45468509984639,0.0,100.0,1,0,29.586405529953918,High
po-00767,gamma_co,2023-08-16,2023-09-02,electronics,delivered,778,64.17,61.6,47.0,yes,17,49924.26,47924.8,1999.4599999999991,6.041131105398458,1.0,0.0,1,0,6.062339331619537,Low
po-00768,epsilon_group,2022-01-27,2022-02-09,office supplies,delivered,1415,80.19,78.34,0.0,yes,13,113468.84999999999,110851.1,2617.7499999999854,0.0,1.0,0.0,1,0,3.25,Low
po-00769,gamma_co,2022-11-16,2022-11-22,raw materials,delivered,446,20.61,19.46,14.0,yes,6,9192.06,8679.16,512.8999999999996,3.1390134529147984,1.0,0.0,1,0,2.4417040358744395,Low
po-00770,epsilon_group,2023-08-13,2022-02-13,office supplies,delivered,748,85.95,79.16,32.0,yes,-546,64290.6,59211.68,5078.919999999998,4.27807486631016,1.0,0.0,1,0,-135.21657754010695,
po-00771,alpha_inc,2023-11-25,2023-12-03,electronics,pending,1092,65.17,63.11,21.0,yes,8,71165.64,68916.12,2249.520000000004,1.9230769230769231,0.3,70.0,1,0,20.076923076923077,Medium
po-00772,beta_supplies,2023-01-20,2023-02-02,electronics,delivered,226,102.47,99.16,28.0,yes,13,23158.22,22410.16,748.0600000000013,12.389380530973451,1.0,0.0,1,0,6.966814159292035,Low
po-00773,delta_logistics,2023-02-11,2023-02-20,electronics,delivered,1685,43.42,42.24,262.0,yes,9,73162.7,71174.40000000001,1988.2999999999884,15.548961424332344,1.0,0.0,1,0,6.914688427299703,Low
po-00774,alpha_inc,2022-07-23,2022-02-13,office supplies,delivered,445,68.94,60.35,7.0,yes,-160,30678.3,26855.75,3822.5499999999993,1.5730337078651686,1.0,0.0,1,0,-39.52808988764045,
po-00775,gamma_co,2022-03-19,2022-04-07,raw materials,delivered,494,94.82,81.89,29.0,yes,19,46841.079999999994,40453.66,6387.419999999991,5.870445344129554,1.0,0.0,1,0,6.511133603238866,Low
po-00776,beta_supplies,2023-08-30,2023-09-11,mro,delivered,1306,21.05,18.27,128.0,yes,12,27491.3,23860.62,3630.6800000000003,9.80091883614089,1.0,0.0,1,0,5.940275650842267,Low
po-00777,beta_supplies,2023-12-09,2023-12-11,office supplies,delivered,1988,105.2,93.23,187.0,yes,2,209137.6,185341.24000000002,23796.359999999986,9.406438631790746,1.0,0.0,1,0,3.3219315895372237,Low
